"ESTC_Number","Author","Author_dates","Title","Edition","Publication_City","Imprint","Imprint_Date","Regularized_Year","Pagination","Illustrations","Format"
"N10574","Reading, William,","1674-1744.","One hundred and sixteen sermons preached out of the first lessons at morning and evening prayer, for all Sundays in the year. By William Reading,","The second edition.","London :","printed by J. Watts for the author,","MDCCXXXVI. [1736]",1736,"4v. ;","","8⁰."
"N10913","Fielding, Henry,","1707-1754.","Pasquin.","The second edition.","London :","printed for J. Watts,",1740.,1740,"69,[1]p. ;","","8⁰."
"N10969","Fielding, Henry,","1707-1754.","An old man taught wisdom:","The third edition.","London :","printed for J. Watts, at the Printing-Office in Wild-Court near Lincoln's-Inn Fields,","MDCCXLII. 1742.",1742,"39,[1]p. :","music ;","8⁰."
"N10974","Fielding, Henry,","1707-1754.","An old man taught wisdom:","The fourth edition.","London :","printed for J. Watts at the Printing-Office in Wild-Court near Lincoln's-Inn Fields,","MDCCXLIX. [1749]",1749,"39,[1]p. :","music ;","8⁰."
"N11007","Otway, Thomas,","1652-1685.","The orphan:",NULL,"Dublin :","printed by J. Watts, and sold opposite the watch-house, the North-Side of College-Green,","MDCCXXVI. [1726]",1726,"79,[1]p. ;","","12⁰."
"N1125","Fielding, Henry,","1707-1754.","The coffee-House politician;",NULL,"London :","printed for J. Watts, at the Printing-Office in Wild-Court near Lincoln's-Inn Fields,","MDCCXXX. [1730]",1730,"[8],78p. ;","","8⁰."
"N11777","Young, Edward,","1683-1765.","A poem on the last day.","The tenth edition.","London [i.e. Edinburgh?] :","printed for J. Watts, and sold by B. Dod, at the Bible and Key in Ave-Mary-Lane near Stationery Hall,","MDCCL. [1750]",1750,"vii,[5],32p. ;","","8⁰."
"N1203",NULL,NULL,"The creation of women. A poem.",NULL,"Dublin :","printed by J. Watts, for J. Thompson,",1725.,1725,"14p. ;","","8⁰."
"N130","Cibber, Colley,","1671-1757.","The provok'd husband;",NULL,"London :","printed for J. Watts,",1728.,1728,"[12],99,[5]p. ;","","8⁰."
"N131","Cibber, Colley,","1671-1757.","The provok'd husband;",NULL,"London :","printed for J. Watts,",1728.,1728,"[12],99,[3]p. ;","","8⁰."
"N13191","Behn, Aphra,","1640-1689.","The rover:",NULL,"Dublin :","printed by J. Watts, for W. Smith, at the Dutchess's Head, opposite the Castle-Market, in Dames-Street,","MDCCXXIV. [1724]",1724,"[6],94p. ;","","12⁰."
"N132","Cibber, Colley,","1671-1757.","The provok'd husband;",NULL,"London :","printed for J. Watts, at the Printing-Office in Wild-Court near Lincolns-Inn Fields,","MDCCXXVIII. [1728]",1728,"[12],99,[3]p. ;","","8⁰."
"N13506",NULL,NULL,"The temple of dullness.",NULL,"London :","printed for J. Watts: and sold by B. Dod at the Bible and Key in Ave-Mary-Lane near Stationers-Hall,","MDCCXLV. [1745]",1745,"[4],8,13-20p. ;","","4⁰."
"N13746","Livy.","","Titi Livii historiarum ab urbe condita libri qui extant, cum supplementis, tam librorum qui à x. ad xxi. desiderantur, ... sumptis è Freinshemio, Crevierio & aliis, et indice copiosiore, ...",NULL,"Londini :","ex officinâ J. & R. Tonson, & J. Watts,",1749.,1749,"7v.,plate ;","","12⁰."
"N15508","Church of England.",NULL,"The bishop of London's pastoral letter to the people of his diocese; particularly, to those of the two great cities of London and Westminster. Occasion'd by some late writings in favour of infidelity.",NULL,"Dublin :","printed by J. Watts, and sold at the corner of Sycomore-Alley, in Dames-Street,",1728.,1728,"[2],54p. ;","","8⁰."
"N17279","Homer.","","Hom-erou Ilias. Adjicitur in calcem interpretatio latina. ...",NULL,"Londini :","ex officina J. & R. Tonson, & J. Watts,",1747.,1747,"2v.,plate ;","","12⁰."
"N17442","Otway, Thomas,","1652-1685.","The history and fall of Caius Marius.",NULL,"Dublin :","printed by J. Watts,",1725.,1725,"79,[1]p. ;","","8⁰."
"N19182","Abelard, Peter,","1079-1142.","Letters of Abelard and Heloise.","The second edition.","London :","printed for J. Watts; and sold by W. Lewis, J. Brown, B. Lintott, and J. Pemberton, W. Taylor, N. Cliff and D. Jackson, R. Smith and R. Parker,",1714.,1714,"[12],208p. :","ill. ;","12⁰."
"N19278","Phillips, Edward,","fl. 1730-1740.","The livery rake, and country lass. An opera. As it is perform'd at the Theatre-Royal in Drury-Lane. By his Majesty's servants. With the musick prefix'd to each song.",NULL,"London :","printed for J. Watts,",1733.,1733,"[4],35,[1]p. ;","","8⁰."
"N23001","Oldham, John,","1653-1683.","Satyrs upon the Jesuits:",NULL,"Dublin :","printed by J. Watts, and sold opposite the Watch-House, the North-Side of College-Green,","MDCCXXV. [1725]",1725,"50,[2]p. ;","","8⁰."
"N23244","Lillo, George,","1693-1739.","Silvia; or, the country burial. An opera.",NULL,"London :","printed for J. Watts, at the Printing-Office in Wild Court near Lincoln's Inn-Fields,","MDCCXXXI. [1731]",1731,"[2],74p. ;","","12⁰."
"N23449","Vanbrugh, John,","1664-1726.","The relapse; or, virtue in danger:",NULL,"London :","printed for J. Tonson, and J. Watts; R. and J. Wellington; A. Bettesworth, and F. Clay, both in trust for B. Wellington,","M.DCCXXXIV. [1734]",1734,"[3],8-120p. ;","","12⁰."
"N23668","Croxall, Samuel,","d. 1752.","A sermon preach'd in Lambeth-Chapel, at the consecration of the Right Reverend Fathers in God Henry Lord Bishop of Hereford, and Richard Lord Bishop of St. David's. On Sunday, February 2, 1723. By Samuel Croxall.",NULL,"London :","printed for J. Watts, at the Printing-Office in Wild-Court, near Lincoln's-Inn-Fields,","MDCCXXIV. [1724]",1724,"20p. ;","","4⁰."
"N24129",NULL,NULL,"The spectator.","The sixth edition.","London :","printed for J. Tonson, and J. Watts,",1734.,1734,"v.9([12],284,[4]p.) ;","","12⁰."
"N25915","Montfaucon, Bernard de,","1655-1741.","The supplement to Antiquity explained, and represented in sculptures, by the learned Father Montfaucon. Translated into English by David Humphreys, ... In five volumes. ...",NULL,"London :","printed by J. Tonson and J. Watts,",1725.,1725,"5v.([22],571,[13]p.),plates ;","","2⁰."
"N2735","Fielding, Henry,","1707-1754.","The Covent-Garden tragedy.",NULL,"London :","printed for J. Watts, and sold by J. Roberts,",1732.,1732,"[2],11,[3],32p. ;","","8⁰."
"N27560","Cibber, Colley,","1671-1757.","The tragical history of King Richard III.",NULL,"London :","printed for J. Tonson, and J. Watts, and sold by W. Feales, the Corner of Essex-Street in the Strand,","MDCCXXXVI. [1736]",1736,"71,[1]p. :","ill. ;","12⁰."
"N27561","Cibber, Colley,","1671-1757.","The tragical history of King Richard III.",NULL,"London :","printed for J. and R. Tonson and S. Draper, and J. Watts,","MDCCXLV. [1745]",1745,"71,[1]p. :","ill. ;","12⁰."
"N29072","Humphreys, Samuel,","1698?-1738.","Deborah.",NULL,"London :","printed for J. Watts at the Printing-Office in Wild-Court near Lincoln's-Inn Fields: and sold by B. Dod at the Bible and Key in Ave-Mary Lane near Stationers-Hall,","MDCCXLIV. [1744]",1744,"20p. ;","","4⁰."
"N29092","Fielding, Henry,","1707-1754.","The debauchees: or, the Jesuit caught. A comedy. As it is acted at the Theatre-Royal in Drury-Lane. ... By Henry Fielding, Esq;",NULL,"London :","printed by and for J. Watts; and sold by him at the printing-office in Wild-Court near Lincoln's-Inn Fields; and by W. Reeve at Shakespear's Head, Serjeant's-Inn Gate, Fleetstreet,","MDCCXLVI. [1746]",1746,"[4],40p. ;","","8⁰."
"N2923","Abelard, Peter,","1079-1142.","Letters of Abelard and Heloise.","The sixth edition, corrected.","London :","printed for J. Watts; and sold by J. Osborn,",1736.,1736,"[12],228p. :","ill. ;","12⁰."
"N2925","Abelard, Peter,","1079-1142.","Letters of Abelard and Heloise.",NULL,"London :","printed for J. Watts; and sold by W. Lewis, J. Brown, B. Lintott, and J. Pemberton, W. Taylor, N. Cliff and D. Jackson, R. Smith and R. Parker,",1713.,1713,"[12],208p. :","ill. ;","12⁰."
"N2941","Abelard, Peter,","1079-1142.","Letters of Abelard and Heloise.","The fifth edition, corrected.","London :","printed for J. Watts,",1729.,1729,"[12],228p. :","ill. ;","12⁰."
"N2987","Bradley, Richard,","1688-1732.","The country housewife and lady's director,",NULL,"Dublin :","printed by J. Watts, and sold opposite the Watch-house the North-side of College-Green, and by R. Norris, and William Smith,",1727.,1727,"[4],vii-x,120p. ;","","8⁰."
"N30071","Cibber, Colley,","1671-1757.","Damon and Phillida:",NULL,"London :","printed for J. Watts,",1729.,1729,"31,[1]p. :","ill.,music ;","8⁰."
"N3021","Fielding, Henry,","1707-1754.","The lottery. A farce.","The third edition, with the addition of a new scen","London :","printed for J. Watts at the Printing-Office in Wild-Court near Lincoln's-Inn Fields,","MDCCXXXII. [1732]",1732,"[8],36p. :","ill.,music ;","8⁰."
"N30423","Montfaucon, Bernard de,","1655-1741.","Antiquity explained, and represented in sculptures,",NULL,"London :","printed by J. Tonson and J. Watts,","1721-22.",1721,"5v., plates ;","","2⁰."
"N3068","Cibber, Colley,","1671-1757.","Love in a riddle.",NULL,"London :","printed for J. Tonson and J. Watts, and sold by W. Feales, the Corner of Essex-Street in the Strand,","MDCCXXXVI. [1736]",1736,"93,[3]p. :","ill. ;","12⁰."
"N30895","Johnson, Charles,","fl. 1724-1736.","A general history of pyrates, their robberies and murders, ... To which is prefix'd an account of the famous Captain Avery and his companions; ... To which is added, a short abstract of the statute and civil law, in relation to pyracy. By Capt. Charles Johnson.",NULL,"Dublin :","printed by J. Watts,",1725.,1725,"[8],248p. ;","","8⁰."
"N325","Cibber, Colley,","1671-1757.","The provok'd husband;",NULL,"London :","printed for J. Watts,",1728.,1728,"[12],99,[3]p. ;","","8⁰."
"N3987","Miller, James,","1706-1744.","Miscellaneous works in verse and prose.","","London :","printed by J. Watts in Wild-Court near Lincoln's-Inn Fields,","MDCCXLI. [1741]",1741,"[6],416p. :","ill. ;","4⁰."
"N418","Cibber, Colley,","1671-1757.","Damon and Phillida.","","London :","printed for J. and R. Tonson, and J. Watts,","MDCCXXXVII. [1737]",1737,"31,[1]p. :","ill.,music ;","8⁰."
"N419","Cibber, Colley,","1671-1757.","Damon and Phillida.","","London :","printed for J. and R. Tonson, and J. Watts ,","MDCCXLIX. [1749]",1749,"31,[1]p. :","ill.,music ;","8⁰."
"N42056","",NULL,"Le nouveau testament","","Londres :","chez J. Watts; & B. Dod,",1750.,1750,"[6],494,[18]p.,plate ;","","12⁰."
"N4309","Fénelon, François de Salignac de La Mothe-,","1651-1715.","The adventures of Telemachus,","","London :","printed by J. Watts; and sold by J. Roberts in Warwick-Lane,","MDCCXXXVIII. [1738]",1738,"39,[1]p. ;","","4⁰."
"N44179","Blanc, John.","","Les characteres des l'antechrist.","","Londres :","imprimé chéz J. Watts, & se vend chés A. Rocayrol,",1733.,1733,"95,[1]p. ;","","8⁰."
"N44653","Cibber, Colley,","1671-1757.","Damon and Phillida.","","London :","printed for J. Watts,",1732.,1732,"31,[1]p. :","ill.,music ;","8⁰."
"N4473","Fielding, Henry,","1707-1754.","The miser.","","London :","printed for J. Watts,",1733.,1733,"[12],87,[1]p. ;","","8⁰."
"N4479","Fielding, Henry,","1707-1754.","The miser.","The second edition.","London :","printed for J. Watts at the Printing-Office in Wild-Court near Lincoln's-Inn Fields,","MDCCXLIV. [1744]",1744,"95,[1]p. ;","","8⁰."
"N45522","Brown, Thomas,","1663-1704.","Amusements serious and comical.","","Dublin :","printed by J. Watts,",1725.,1725,"[8],162,[2]p. ;","","8⁰."
"N4655","Hill, Aaron,","1685-1750.","King Henry the Fifth:","The second edition.","London :","printed for J. Watts: and sold by W. Reeve,",1746.,1746,"[10],57,[3]p. :","ill. ;","12⁰."
"N475481","Caesar, Julius.","","C. Julii Cæsaris et A. Hirtii De rebus à C. Julio Cæsare gestis Commentarii","","Londini :","ex officinâ J. & R. Tonson, & J. Watts,","MDCCXLIX. [1749]",1749,"[22], 424, [18] p., [2] folded leaves of plates :","2 maps ;","12⁰."
"N476365","Brookes, R.","fl. 1721-1763.","The art of angling, rock and sea-fishing:","The second edition.","London :","J. Watts,",1749.,1749,"[xvi], 246, [10] p. :","text. ill. ;","8⁰."
"N4808","Molière,","1622-1673.","The mock doctor:","","London [i.e. Edinburgh] :","printed for J. Watts,",1732.,1732,"[2],29,[1]p. ;","","12⁰."
"N4810","Molière,","1622-1673.","The mock doctor:","The second edition, with additional songs and alte","London :","printed for J. Watts at the Printing-Office in Wild-Court near Lincoln's-Inn Fields,","MDCCXXXII. [1732]",1732,"[8],34,[2]p. :","ill.,music ;","8⁰."
"N4811","Molière,","1622-1673.","The mock doctor:","The third edition, with additional songs and alter","London :","printed for J. Watts, at the Printing-Office in Wild-Court near Lincoln's-Inn Fields,","MDCCXLII. [1742]",1742,"[6],33,[1]p. :","ill.,music ;","8⁰."
"N49160","Nektarios,","1605-1685.","Reverendissimi in Christo patris ac domini, Dni Nectarii, nuper patriarchæ Hierosolymitani, De artibus quibus missionarii Latini, præcipuè in Terrâ Sanctâ degentes, ad subvertendam Græcorum fidem, utuntur,","","Londini :","Typis J. Tonson, & J. Watts. Anno Domini,",1729.,1729,"[8],109,[1]p. ;","","8⁰."
"N51464","Morell, Thomas,","1703-1784.","Judas Macchabæus.","","London :","printed by and for J. Watts; and sold by him: and by B. Dod,",1751.,1750,"[4],6,[3],8-16p. ;","","4⁰."
"N5566","Duncombe, William,","1690-1769.","Lucius Junius Brutus, a tragedy.","","London :","printed for J. Watts at the Printing-Office in Wild-Court near Lincoln's-Inn Fields,","MDCCXLVII. [1747]",1747,"83,[1]p.,plate ;","","12⁰."
"N60822","Wesley, Samuel,","1691-1739.","The pig, and the mastiff. Two tales.","The third edition.","Dublin :","printed by J. Watts,",1725.,1725,"23,[1]p. ;","","8⁰."
"N62987","Cibber, Colley,","1671-1757.","The provok'd husband;","","London :","printed for J. Watts,",1728.,1728,"[12],108p. ;","","12⁰."
"N63158","Cibber, Colley,","1671-1757.","Love makes a man:","","London :","printed for J. Clarke, D. Browne, C. Hitch, J. and R. Tonson and S. Draper, J. Watts, C. Corbet, T. Harris and J. Robinson,",1745.,1745,"83,[1]p. :","ill. ;","12⁰."
"N6403","Coffey, Charles,","d. 1745.","The devil to pay; or, the wives metamorphos'd.","","London :","printed for J. Watts at the Printing-Office in Wild-Court near Lincoln's-Inn Fields,","MDCCXXXI. [1731]",1731,"[8],31,[1]p. :","ill.,music ;","8⁰."
"N65352","Voltaire,","1694-1778.","The tragedy of Zara.","","London :","printed for J. Watts, at the Printing-Office in Wild-Court near Lincoln's-Inn Fields,",1736.,1736,"[16],69,[3]p. :","ill. ;","8⁰."
"N65389","Cook, John,","","Sailing directions to be used with John Hamilton Moore's chart of the British Channel, and the south-west coast of Ireland. By John Cook, and others, masters in the Royal Navy. The third edition. Greatly enlarged, corrected, and improved, by an able mariner. To which is added a dissertation on tides.","","London :","printed and sold with the chart, by John Hamilton Moore; Mrs. Smith, Liverpool; Messrs. Parsons and Hodges, Bristol; I. Watts, Gosport; Messrs. Haydon and son, Plymouth; Mrs. Elliott, Falmouth, and F. Fitton, Cork,",1794.,1794,"viii,146+p. ;","","8⁰."
"N65454","Cibber, Colley,","1671-1757.","Damon and Phillida.","","London :","printed for J. Watts,",1736.,1734,"[3]-31,[1]p. :","ill.,music ;","8⁰."
"N6595","",NULL,"An enquiry into the state of the union of Great Britain,","The second edition.","London :","printed for A. and W. Bell; and J. Watts: and sold by B. Barker and C. King; W. Mears and J. Brown; W. Taylor, J. Brotherton and W. Meddows, and J. Roberts,",1717.,1717,"[8],183,[1]p. ;","","8⁰."
"N66077","Nepos, Cornelius.","","Cornelii Nepotis excellentium imperatorum vitæ.","","Londini :","ex officina J. & R. Tonson, & J. Watts,",1748.,1748,"[10],114,[6]p.,plate ;","","12⁰."
"N69637","Fielding, Henry,","1707-1754.","Pasquin.","","London [i.e. Edinburgh] :","printed for J. Watts [i.e. Robert Fleming],",1736.,1736,"62,[2]p. ;","","8⁰."
"N721","Croxall, Samuel,","d. 1752.","The fair Circassian,","The tenth edition.","London :","printed for J. Watts, and sold by B. Dod at the Bible and Key in Ave-Mary-Lane near Stationers-Hall,","MDCCL. [1750]",1750,"[16],40p.,plate ;","","8⁰."
"N7908","Gay, John,","1685-1732.","Fables. By Mr. Gay.","The third edition.","London :","printed for J. Tonson and J. Watts,","MDCCXXIX. [1729]",1729,"[14],194p. :","ill. ;","8⁰."
"N8019","Aesop.","","Fables of Æsop and others. Newly done into English. With an application to each fable. Illustrated with cutts.","The fourth edition, improv'd.","London :","printed for J. and R. Tonson, and J. Watts,",1737.,1737,"[28],345,[1]p. :","ill. ;","12⁰."
"N8162","Croxall, Samuel,","d. 1752.","The fair Circassian,","The fourth edition corrected.","London :","printed for J. Watts; and sold by W. Meres at the Lamb without Temple Bar,","[1723]",1723,"[6],23,[1]p. ;","","8⁰."
"N8163","Croxall, Samuel,","d. 1752.","The fair Circassian,","The fifth edition corrected.","London :","printed for J. Watts at the Printing-Office in Wild-Court near Lincolns-Inn Fields,","MDCCXXXII. [1732]",1732,"[18],49,[5]p., :","ill. ;","12⁰."
"N8379","Fielding, Henry,","1707-1754.","The debauchees: or, the Jesuit caught. A comedy. As it is acted at the Theatre-Royal in Drury-Lane. By His Majesty's Servants. By Henry Fielding, Esq;","The second edition.","London :","printed by and for J. Watts; and sold by him at the printing-office in Wild-Court near Lincoln's-Inn Fields; and by W. Reeve at Shakespear's Head, Serjeants-Inn Gate, Fleetstreet,","MDCCXLVI. [1746]",1746,"46,[2]p. ;","","8⁰."
"N9321","Montaigne, Michel de,","1533-1592.","Les essais","","Londres :","de l'imprimerie de J. Tonson & J. Watts,",1724.,1724,"3v.,plate :","port. ;","4⁰."
"N9821","Pierce, John.","","Fifteen sermons upon several occasions.","","London :","printed by J. Watts for the author,",1731.,1731,"[8],327,[1]p. ;","","8⁰."
"T100464","Sewell, George,","d. 1726.","The tragedy of Sir Walter Raleigh.","The sixth edition.","London :","printed for J. Watts: and sold by W. Reeve at Rowe's Head, Serjeants-Inn-Gate in Fleetstreet,","MDCCXLV. [1745]",1745,"[16],55,[1]p. :","ill ;","12⁰."
"T101089","Sharp, Samuel,","1700?-1778.","A treatise on the operations of surgery,","","London :","printed by J. Watts: and sold by J. Roberts in Warwick-Lane, and J. Brotherton in Cornhill,","MDCCXXXIX. [1739]",1739,"[16],liii,[1],224p.,14 plates ;","","8⁰."
"T101179","Collins, John,","1625-1683.","Commercium epistolicum","","Londini :","ex officinâ & impensis J. Tonson, & J. Watts, prostant venates apud Jacobum Mack-Euen, Bibliopolam Edinburgensem,","MDCCXXII. [1722]",1722,"[8],250,[2]p. ;","","8⁰."
"T101492","Petronius Arbiter.","","The works of Petronius Arbiter, in prose and verse.","","London :","printed for J. Watts; and sold by J. Osborne at the Golden-Ball in Paternoster-Row,","MDCCXXXVI. [1736]",1736,"[10],14,[10],305,[7]p.,plate ;","","12⁰."
"T101569","",NULL,"The elements of fortification.","","London :","printed by J. Watts for the editor,","MDCCXLVI. [1746]",1746,"[18],72,224p.,plates ;","","4⁰."
"T103205","",NULL,"Etats de la distribution de la somme de vint & quatre mille livres, accordée par Sa Majesté le feu roy, de glorieuse memoire, aux pauvres Protestants françois Lä&ıques refugiez en Angleterre. Administrée par le Committé François, sous les Ordres des Seigneurs nommez par Sa Majesté, & par la Direction de Messieurs les Commissaires Anglois.","","A Londres :","de l'imprimerie de J. Tonson & J. Watts,","MDCCXXVIII. [1728]",1728,"[2],52p. ;","","2⁰."
"T103568","",NULL,"Etats de la distribution de la somme de trente neuf mille livres, accordée par Sa Majesté aux pauvres Protestants francois laiques refugiez en Angleterre, pour trois ans & trois mois finissant au 25 decembre 1721. Administrée par le Committé François, sous les Ordres des Seigneurs nommez par Sa Majesté, & par la Direction de Messieurs les Commissaires Anglois.","","A Londres :","de l'imprimerie de J. Tonson & J. Watts,","MDCCXXV. [1725]",1725,"[2],iii,[1],33,[1]p. ;","","2⁰."
"T103569","",NULL,"Etats de la distribution de la somme de six mille huit cents septante deux livres seize shillings; accordée par Sa Majesté le roi George Second, aux pauvres Protestants françois Lä&ıques refugiez en Angleterre. Administrée par le Comitté François, sous les Ordres des Seigneurs nommez par Sa Majesté, & par la Direction de Messieurs les Commissaires Anglois.","","A Londres :","de l'imprimerie de J. Tonson & J. Watts,","MDCCXXIX. [1729]",1729,"[2],28p. ;","","2⁰."
"T103990","Horsley, John,","1675-1732.","An enquiry into the force of the objection made against the resurrection of Christ,","","London :","printed for J. Watts, and sold by J. Roberts in Warwick-Lane,","MDCCXXX. [1730]",1730,"40p. ;","","8⁰."
"T105183","Miller, James,","1706-1744.","Sermons on various subjects. By the late Reverend Mr. James Miller. Publish'd for the Benefit of the Widow of the deceas'd Author.","","London :","printed by J. Watts at the Printing-Office in Wild Court near Lincoln's-Inn-Fields,","MDCCXLIX. [1749]",1749,"[20],347,[1]p. ;","","8⁰."
"T106993","Arne, Thomas Augustine,","1710-1778.","Don Saverio.","","London :","printed by and for J. Watts; and sold by him at the Printing-Office in Wild-Court near Lincoln's-Inn-Fields,","[1750]",1750,"[4],16p. ;","","4⁰."
"T107171","Gagnier, Jean.","","Carolina.","","Londini :","typis J. Watts, apud P. Du-Noyer in Vico vulgò dicto the Strand, sub signo Erasmi,",1719.,1719,"[8],24p. ;","","4⁰."
"T107441","",NULL,"Bibliothecæ cleri Londinensis in Collegio Sionensi catalogus,","","Londini :","typis J. Watts. A.D.,",1724.,1724,"[396];[98];[2],56p. ;","","2⁰."
"T107543","Dancourt, M.","1661-1725.","The whim: or, the miser's retreat.","","London :","printed for J. Watts at the Printing-Office in Wild-Court near Lincoln's-Inn Fields,","MDCCXXXIV. [1734]",1734,"[4],34,[2]p. :","ill.,music ;","8⁰."
"T107970","Hill, Aaron,","1685-1750.","King Henry the Fifth:","","London :","printed for W. Chetwood in the Passage to the Theatre-Royal in Drury-Lane, and J. Watts at the Printing-Office in Wild-Court near Lincoln's-Inn-Fields,","[1723]",1723,"[16],61,[3]p. ;","","8⁰."
"T108984","Jacob, Hildebrand,","1693-1739.","Hymn to the goddess of silence.","","London :","printed for J. Watts at the Printing-Office in Wild-Court near Lincoln's-Inn Fields,","MDCCXXXIV. [1734]",1734,"7,[1]p. ;","","2⁰."
"T109228","Morell, Thomas,","1703-1784.","Theodora. An oratorio.","","London :","printed by and for J. Watts; and sold by him at the Printing-Office in Wild-Court near Lincoln's-Inn-Fields: and by B. Dod at the Bible and Key in Ave-Mary-Lane near Stationers-Hall,","MDCCL. [1750]",1750,"[4],24p. ;","","4⁰."
"T114069","Collins, John,","1625-1683.","Commercium epistolicum","","Londini :","impensis J. Tonson & J. Watts, prostant venales apud J. Mac Euen ad Insigne Georgii Buchanani e regione templi Sancti Clementis in vico vulgo dicto the Strand,",1725.,1725,"[8],250,[2]p. ;","","8⁰."
"T114140","Taylor, James,","1706 or 7-1753.","Remarks on the German empire.","","London :","printed for J. Watts at the Printing-Office in Wild-Court near Lincoln's-Inn Fields: And sold by B. Dod at the Bible and Key in Ave-Mary-Lane near Stationers-Hall,","MDCCXLV. [1745]",1745,"[16],352p. ;","","8⁰."
"T115473","Claudianus, Claudius.","","The rape of Proserpine,","The second edition, corrected, and enlarg'd with n","London :","printed for J. Watts; and sold by W. Meres at the Lamb without Temple-Bar,","[1723]",1723,"[24],92,[40]p. :","ill. ;","12⁰."
"T115786","Jones, Walter,","1692 or 3-1739.","Seventeen sermons upon several subjects.","","London :","printed by J. Watts for the author's widow: and sold by J. Brotherton at the Bible in Cornhill,","MDCCXLI. [1741]",1741,"[48],309,[1]p. ;","","8⁰."
"T117257","",NULL,"Miscellaneous poems, by several hands.","","London :","printed by J. Watts,","MDCCXXVI. [1726]",1726,"[16],320p. ;","","8⁰."
"T118058","Chomel, Noel,","1632-1712.","Dictionaire oeconomique:","","Dublin :","printed by J. Watts, and sold opposite the Watch-House, on the north-side of College-Green: and by F. Davys,",1727.,1727,"2v. :","ill. ;","2⁰."
"T118567","Wood, Thomas,","1661-1722.","An institute of the laws of England;","","Dublin :","printed by J. Watts, and sold opposite the Watch-House, on the North Side of College-Green,","MDCCXXIV. [1724]",1724,"[2],xi,[1],14,[2],663,[29]p. ;","","2⁰."
"T118603","",NULL,"The common prayer-book, the best companion to prepare communicants for a worthy receiving the Lord's Supper:","","Bath :","printed and sold by J. Watts. Sold also by T. Shrimpton, York Buildings,","[1750?]",1750,"[4],178,[6]p. ;","","8⁰."
"T118853","Fielding, Henry,","1707-1754.","The lottery. A farce.","","London :","printed for J. Watts at the Printing-Office in Wild-Court near Lincoln's-Inn Fields,","MDCCXXXII. [1732]",1732,"[8],31,[1]p. :","ill.,music ;","8⁰."
"T119143","Croxall, Samuel,","d. 1752.","The fair Circassian,","The sixth edition corrected.","London :","printed for J. Watts: and sold by B. Dod at the Bible and Key in Ave-Mary-Lane near Stationers-Hall,","MDCCXLIII. [1743]",1743,"[18],49,[5]p. :","ill. ;","12⁰."
"T119566","Croxall, Samuel,","d. 1752.","The fair Circassian,","The third edition corrected.","London :","printed for J. Watts; and sold by W. Meres at the Lamb without Temple-Bar,","[1723]",1723,"[24],58,[2]p. :","ill. ;","12⁰."
"T11981","Pearce, Zachary,","1690-1774.","A farewell sermon preach'd at the parish church of St. Bartholomew the Little, near the Royal-Exchange,","","London :","printed by J. Tonson, and J. Watts,",1724.,1724,"16p. ;","","4⁰."
"T119924","Ancourt,","","The lady's preceptor.","The second edition, with alterations and additions","London :","printed for J. Watts: and sold by B. Dod at the Bible and Key in Ave-Mary-Lane near Stationers-Hall,","MDCCXLIII. [1743]",1743,"[8],72p. ;","","8⁰."
"T121442","Longinus,","1st cent.","Dionysius Longinus on the sublime:","","London :","printed by J. Watts: and sold by W. Innys and R. Manby at the West-End of St. Paul's,","MDCCXXXIX. [1739]",1739,"[18],xxxiv,187,[1]p. :","ill. ;","8⁰."
"T121707","Du Halde, J.-B.","1674-1743.","The general history of China.","","London :","printed for J. Watts: and sold by B. Dod at the Bible and Key in Ave-Mary Lane, near Stationers-Hall,","MDCCXLI. [1741]",1741,"4v.,plates :","ill.,maps,music,ports. ;","8⁰."
"T121855","Allestree, Richard,","1619-1681.","La pratique des vertus Chret̂iennes,","","Londres :","chez J. Tonson, a l'enseigne de Shakespear dans le Strand; & J. Watts, a son Imprimerie dans Wild-Court pres de Lincolns-Inn-Fields,","MDCCXIX. [1719]",1719,"[30],558p.,plate :","port. ;","8⁰."
"T121930","Cibber, Colley,","1671-1757.","The provok'd husband;","","London :","printed for J. Watts, at the Printing-Office in Wild-Court near Lincolns-Inn Fields,","MDCCXXVIII. [1728]",1728,"[12],95,[5]p. ;","","8⁰."
"T124224","Serces, James.","","Popery an enemy to scripture:","","London :","printed for J. Watts; and sold by J. Roberts in Warwick-Lane, and J. Osborne at the Golden-Ball in Pater-Noster Row,","MDCCXXXVI. [1736]",1736,"[8],112p. ;","","8⁰."
"T12466","Pearce, Zachary,","1690-1774.","A reply to the Defence of the Letter to Dr. Waterland.","The second edition.","London :","printed for J. Watts at the Printing-Office in Wild-Court near Lincoln's-Inn Fields,","MDCCXXXII. [1732]",1732,"84p. ;","","8⁰."
"T125409","Cibber, Colley,","1671-1757.","The provok'd husband;","","London :","printed for J. Watts ; and sold by W. Feales at Rowe's Head, the Corner of Essex-Street in the Strand,","MDCCXXXV. [1735]",1735,"117,[3]p. :","ill. ;","12⁰."
"T125461","Brookes, R.","fl. 1721-1763.","The art of angling,","The second edition.","London :","printed for J. Watts: and sold by B. Dod at the Bible and Key in Ave-Mary-Lane near Stationers-Hall,","MDCCXLIII. [1743]",1743,"[16],249,[11]p. :","ill. ;","12⁰."
"T125842","Cibber, Colley,","1671-1757.","The provok'd husband;","The second edition.","London :","printed for J. Watts, at the Printing Office in Wild-Court near Lincolns-Inn Fields,","MDCCXXIX. [1729]",1729,"[14],93,[5]p. :","ill.,music ;","8⁰."
"T126789","Sewell, George,","d. 1726.","An epistle from Hampstead,","","London :","printed for J. Pemberton at the Buck, against St. Dunstan's Church in Fleet-Street; and J. Watts, at the Printing-Office in Wild-Court near Lincoln's-Inn-Fields,",1719.,1719,"[4],7,[1]p. ;","","2⁰."
"T129477","Burnet, Gilbert,","1643-1715.","Bishop Burnet's travels through Switzerland,","","Dublin :","printed by J. Watts, and sold opposite the Watch-House, on the North-Side of College-Green,","MDCCXXV. [1725]",1725,"xxiv,238,[2]p. ;","","8⁰."
"T129680","Ancourt,","","The lady's preceptor.","The third edition.","London :","printed for J. Watts: and sold by B. Dod at the Bible and Key in Ave-Mary-Lane near Stationers-Hall,","MDCCXLV. [1745]",1745,"[8],72p. ;","","8⁰."
"T130251","Littleton, Edward,","d. 1733.","Sermons upon several practical subjects.","","London :","printed by J. Tonson and J. Watts,","MDCCXXXV. [1735]",1735,"2v. ;","","8⁰."
"T130837","Concanen,","1701-1749.","The speculatist.","","London :","printed by J. Watts, for the author,","MDCCXXX. [1730]",1730,"[8],283,[1]p. ;","","8⁰."
"T132593","Fielding, Henry,","1707-1754.","The lottery. A farce.","The second edition.","London :","printed for J. Watts at the Printing-Office in Wild-Court near Lincoln's-Inn Fields,","MDCCXXXII. [1732]",1732,"[8],36p. :","ill.,music ;","8⁰."
"T134541","",NULL,"Musæ anglicanæ:","Editio quinta.","Londini :","ex officinâ J. & R. Tonson, & J. Watts,","MDCCXLI. [1741]",1741,"2v. ;","","12⁰."
"T134583","Croxall, Samuel,","d. 1752.","Scripture politics:","","London :","printed for J. Tonson and J. Watts,","MDCCXXXV. [1735]",1735,"[2],vi,[4],503,[1]p. ;","","8⁰."
"T134910","Fénelon, François de Salignac de La Mothe-,","1651-1715.","Les avantures de Telemaque,","Nouvelle edition, revuë & corrigée avec soin: ..","Londres :","chez J. Watts; & B. Dod,",1745.,1745,"[8],XXXIX,[1],451,[17]p.,plates :","port.,map ;","12⁰."
"T136449","Caesar, Julius.","","C. Julii Cæsaris quæ extant,","","Londini :","sumptibus & typis J. & R. Tonson, & J. Watts,",1739.,1739,"[16],510,[18]p.,plates :","port.,maps ;","8⁰."
"T13751","Gay, John,","1685-1732.","Acis and Galatea:","","London :","printed for J. Watts,",1732.,1732,"21,[1]p. ;","","8⁰."
"T13754","Gay, John,","1685-1732.","Acis and Galatea.","","London :","printed for J. Watts at the Printing-Office in Wild-Court near Lincoln's-Inn Fields,","MDCCXLVII. [1747]",1747,"21,[1]p. ;","","8⁰."
"T13818","Gay, John,","1685-1732.","Fables. By Mr. Gay.","","London :","printed for J. Tonson and J. Watts,",1727.,1727,"[14],173,[1]p. :","ill. ;","4⁰."
"T13820","Gay, John,","1685-1732.","Fables. By Mr. Gay.","The second edition.","London :","printed for J. Tonson and J. Watts,","MDCCXXVIII. [1728]",1728,"[14],194p. :","ill. ;","8⁰."
"T13821","Gay, John,","1685-1732.","Fables. By the late Mr. Gay.","The fourth edition.","London :","printed for J. Tonson and J. Watts,","MDCCXXXIII. [1733]",1733,"[14],194p. :","ill. ;","8⁰."
"T13822","Gay, John,","1685-1732.","Fables. By the late Mr. Gay.","The fifth edition.","London :","printed for J. and R. Tonson and J. Watts,","MDCCXXXVII. [1737]",1737,"[14],194p. :","ill. ;","8⁰."
"T13823","Gay, John,","1685-1732.","Fables. By the late Mr. Gay.","The sixth edition.","London :","printed for J. and R. Tonson and J. Watts,","MDCCXLVI. [1746]",1746,"[14],194p. :","ill. ;","8⁰."
"T138241","Vanbrugh, John,","1664-1726.","The cornish squire.","","London :","printed for J. Watts at the printing-office in Wild-Court near Lincoln's-Inn Fields,","MDCCXXXIV. MDCCXXXIV. [1734]",1734,"66, [6] p. ;","","8⁰."
"T138496","Prideaux, Humphrey,","1648-1724.","The true nature of imposture fully display'd in the life of Mahomet.","The ninth edition.","Dublin :","printed by J. Watts, at the Sign of the Lord Carteret's Head in Dames-Street, and sold at the corner of Sycomore-Alley; and by Stearne Brock, in Essex-Street, near Essex-Gate,","MDCCXXX. [1730]",1730,"[4],105,[3]p. :","ill. ;","8⁰."
"T1389","Croxall, Samuel,","d. 1752.","The antiquity, dignity and advantages of music.","","London :","printed for and sold by J. Watts at the Printing-Office in Wild-Court near Lincoln's-Inn-Fields: and by B. Dod at the Bible and Key in Ave-Mary-Lane, near Stationers-Hall,","MDCCXLI. [1741]",1741,"29,[3]p. ;","","8⁰."
"T138953","Nelson, Gilbert,","d. 1748.","The wonders of nature throughout the world display'd,","","London :","printed by J. Watts, for the author,","MDCCXL. [1740]",1740,"[8],475,[13]p. ;","","8⁰."
"T139112","Rapin, René,","1621-1687.","Christus patiens.","","Londini :","ex officina J. Tonson, & J. Watts,","MDCCXIII. [1713]",1713,"[12],24p. ;","","12⁰."
"T139113","Rapin, René,","1621-1687.","Christus patiens.","","Londini :","ex officina J. Tonson, & J. Watts,",1713.,1713,"[12],24p. ;","","12⁰."
"T13920","Gay, John,","1685-1732.","The shepherd's week.","","Dublin :","printed by J. Watts, and sold by J. Thompson,",1728.,1728,"39,[1]p. ;","","8⁰."
"T139410","Cotton, Charles,","1630-1687.","Scarronnides,","The twelfth edition.","Dublin :","printed by J. Watts,",1728.,1728,"[2],126p. ;","","8⁰."
"T139621","Fénelon, François de Salignac de La Mothe-,","1651-1715.","Les avantures de Telemaque","","A Londres :","chez J. Tonson à l'enseigne de Shakespear dans le Strand; & J. Watts, à son Imprimerie dans Wild-Court près de Lincolns-Inn-Fields,","MDCCXXVI. [1726]",1726,"[18],xxviii,[4],468,[12]p.,plates :","port.,map ;","12⁰."
"T141552","Euripides.","","Hecuba.","","London :","printed by J. Watts: and sold by J. Nourse in the Strand, and B. Dod in Ave-Mary Lane,","MDCCXLIX. [1749]",1749,"xv,[1],64p. ;","","8⁰."
"T143627","Pearce, Zachary,","1690-1774.","Concio ad synodum ab archiepiscopo, episcopis, reliquoque clero provinciae Cantuariensis celebratam, habita in ecclesiâ cathedrali S. Pauli Londini die 2. Decemb. a.d. 1741.","Editio tertia.","Londini :","ex officina typograph. J. Watts, apud quem prostat: et apud B. Dod,",1749.,1749,"[2],21,[1]p. ;","","4⁰."
"T143849","Bourne, Vincent,","1695-1747.","Poematia,","","Londini :","sumptibus authoris, typis J. Watts. Vœneunt apud B. Barker, Bibliopolam Westmonasteriensem,","MDCCXXXIV. [1734]",1734,"[8],148p. ;","","12⁰."
"T144434","",NULL,"Cephalus and Procris.","","London :","printed for J. Watts at the Printing-Office in Wild-Court, near Lincoln's-Inn Fields,","MDCCXXXIII. [1733]",1733,"[2],20p. ;","","8⁰."
"T145561","Ellis, John,","1688 or 9-ca. 1768.","The knowledge of divine things from revelation, not from reason or nature.","","London :","printed by J. Watts: and sold by B. Dod at the Bible and Key in Ave-Mary-Lane near Stationers-Hall, J. Fletcher at Oxford, and T. Merrill at Cambridge. MDCCXLVII. To the Binder. The Considerations to be inserted before the 3d Chapter,","[1747]",1747,"xxiv,132;[4],51,[1];133-440p. ;","","8⁰."
"T145725","Origen.","","ōrigenous peri Euchēs biblion.","","Londini :","typis J. Tonson & J. Watts. sumptibus editoris,","MDCCXXVIII. [1728]",1728,"[12],231,[1]p. ;","","4⁰."
"T146605","Hughes, John,","1677-1720.","Poems on several occasions.","","London :","printed for J. Tonson and J. Watts,",1735.,1735,"2v.,plates :","port. ;","12⁰."
"T147018","",NULL,"Miscellaneous poems, by several hands.","","London :","printed by J. Watts,","MDCCXXX. [1730]",1730,"[16],320p. ;","","8⁰."
"T15","Miller, James,","1706-1744.","The coffee-house.","","London :","printed for J. Watts,",1737.,1737,"[12],38,[2]p. :","ill., music ;","8⁰."
"T153214","Fénelon, François de Salignac de La Mothe-,","1651-1715.","Les avantures de Telemaque","","Londres :","chez J. Tonson, a l'enseigne de Shakespear dans le Strand; & J. Watts, a son Imprimerie dans Wild-Court pres de Lincolns-Inn-Fields,","MDCCXIX. [1719]",1719,"[20],xxxv,[11],528,[52]p.,plates ;","","12⁰."
"T153321","Collins, John,","1625-1683.","Commercium epistolicum","","Londini :","ex officinâ J. Tonson, & J. Watts,","MDCCXXII. [1722]",1722,"[8],250,[2]p. ;","","8⁰."
"T154207","Gardner, Thomas,","1668 or 9-1769.","A pocket-Guide to the English traveller:","","London :","printed for J. Tonson at Shakespear's Head over-against Katherine-Street in the Strand, and J. Watts at the Printing-Office in Wild-Court near Lincoln's-Inn Fields,","MDCCXIX. [1719]",1719,"[4],8p.,plates ;","","4⁰."
"T154392","Fletcher, John,","fl. 1729.","An english introduction to the Latin tongue.","","Dublin :","printed by J. Watts, at the Sign of the Lord Carteret's Head in Dames-Street,","MDCCXXIX. [1729]",1729,"[4],iv,119,[5]p. ;","","12⁰."
"T154967","Havard,","1710?-1778.","King Charles the First:","","London :","printed for J. Watts,",1737.,1737,"[8],44,[2]p. ;","","8⁰."
"T155695","Sophocles.","","Sophocleous hai hepta tragōdiai.","","Londini :","ex officina J. and R. Tonson, & J. Watts,",1747.,1747,"2v.,plate ;","","12⁰."
"T162149","Bradley, Richard,","1688-1732.","A complete body of husbandry:","","Dublin :","printed by J. Watts, and sold at the corner of Sycamore-Alley, in Dame Street,","MDCCXXVII. [1727]",1727,"[2],v,[1],234p. ;","","8⁰."
"T162742","Racine, Jean,","1639-1699.","Athaliah.","","London :","printed for J. Watts,",1722.,1722,"[22],74p. ;","","8⁰."
"T164325","Gay, John,","1685-1732.","Achilles.","","London :","printed for J. Watts,",1733.,1733,"[12],68,[4]p. :","music. ;","8⁰."
"T165621","S. W.","","The history of the two impostors Lambert Simnel and Perkin Warbeck,","","London :","printed for J. Watts: and sold by B. Wood,",1746.,1746,"[3],6-64p. ;","","8⁰."
"T168816","Fellow of the Royal Society.","","Remarks on Dr. Cheyne's Essay.","The third edition, corrected.","Dublin :","printed by J. Watts, for W. Smith,",1725.,1725,"xvi,35,[1]p. ;","","8⁰."
"T169747","Fénelon, François de Salignac de La Mothe-,","1651-1715.","The lives and most remarkable maxims of the antient philosophers. Written by M. de Fenelon, ...","","Dublin :","printed by J. Watts, for S. Brock,",1729.,1729,"[4],294,[2]p. ;","","12⁰."
"T172119","Jennens, Charles,","1700-1773.","Messiah.","","London :","printed by and for J. Watts; and sold by him at the printing-office: and by B. Dod,","[1749?]",1749,"16p. ;","","4⁰."
"T172713","Markwell, Humphry.","","Medicina denudata: or, an examination of some reflections on bleeding, vomiting and purging in the beginning of fevers, small-pox, pleurisies, and other acute diseases.","","Dublin :","printed by J. Watts, and sold at the corner of Sycomore-Alley [sic] in Dames-Street,",1727.,1727,"34,vip. ;","","8⁰."
"T1728","Gay, John,","1685-1732.","Achilles.","","London :","printed for J. Watts at the Printing-Office in Wild-Court, near Lincoln's-Inn-Fields,","MDCCXXXIII. [1733]",1733,"[8],68,[4]p. :","ill.,music. ;","8⁰."
"T1729","Carey, Henry,","1687?-1743.","Amelia.","","London :","printed for J. Watts at the Printing-Office in Wild-Court near Lincoln's-Inn Fields,","MDCCXXXII. [1732]",1732,"[8],29,[3]p. ;","","8⁰."
"T174216","Lillo, George,","1693-1739.","Silvia; or, the country burial. An opera.","The second edition, [sic].","London :","printed for J. Watts,",1731.,1731,"[10],77,[3]p. :","ill.,music ;","8⁰."
"T174716","Fielding, Henry,","1707-1754.","Tumble-down Dick: or, Phaeton in the suds.","","London :","printed for J. Watts,",1736.,1736,"[8],19,[1]p. ;","","8⁰."
"T175072","Cibber, Colley,","1671-1757.","The refusal;","The third edition.","London :","printed for J. Tonson, J. Watts, and J. Woodward: and sold by W. Feales at Rowe's Head the Corner of Essex-Street in the Strand,",1735.,1735,"104,[2]p.,plate. ;","","12⁰."
"T175081","Cibber, Colley,","1671-1757.","She wou'd,","The fourth edition.","London :","printed for J. Tonson, J. Watts, and J. Woodward; and sold by W. Feales at Rowe's Head, the Corner of Essex-Street in the Strand,",1734.,1734,"[10],94,[4]p. :","ill. ;","12⁰."
"T175440","A. B.","","The treaty of Seville,","","Dublin :","printed by J. Watts, and W. S. Anburey,",1730.,1730,"24p. ;","","8⁰."
"T177769","Blondel, James Augustus,","ca. 1666-1734.","The strength of imagination in pregnant women examin'd:","","[Dublin] :","London printed; and re-printed in Dublin by J. Watts, for F. Davys,",1727.,1727,"[8],88p. ;","","8⁰."
"T178049","Littleton, Edward,","d. 1733.","Sermons upon several practical subjects.","The second edition.","London :","printed by J. Watts,",1736.,1736,"2v. ;","","8⁰."
"T178564","Breviter, Thomas.","","A preservative against popery,","","Dublin :","printed by J. Watts, and sold at the corner of Sycomore-Alley, in Dames-street,",1728.,1728,"viii,155,[1]p. ;","","8⁰."
"T179368","Lediard, Thomas,","1685-1743.","Britannia.","","London :","printed for J. Watts at the Printing-Office in Wild-Court near Lincoln's-Inn Fields,","MDCCXXXII. [1732]",1732,"32p.,plate ;","","4⁰."
"T180109","Jennens, Charles,","1700-1773.","Messiah.","","London :","printed by and for J. Watts; and sold by him at the printing-office: and by B. Dod,",1749.,1749,"16p. ;","","4⁰."
"T181672","Voltaire,","1694-1778.","The tragedy of Zara.","","London :","printed for J. Watts, at the Printing-Office in Wild-Court, near Lincoln's-Inn-Fields,",1736.,1736,"[6],iv,[2],46,[2]p. ;","","8⁰."
"T185766","Racine, Jean,","1639-1699.","Oeuvres de Racine. ...","","Londres :","de l'imprimerie de J. Tonson & J. Watts,",1723.,1723,"2v.,plates :","port. ;","4⁰."
"T186248","Aesop.","","Fables of Æsop and others.","The second edition.","London :","printed for J. Tonson and J. Watts; and sold by W. Meres at the Lamb without Temple-Bar,","MDCCXXIV. [1724]",1724,"[30],357,[7]p. :","ill. ;","12⁰."
"T191480","",NULL,"An answer to two papers, said to be wrote by the late King Charles IId.","","Dublin :","printed by J. Watts, and sold at the corner of Sycamore-Alley, in Dames-street,",1728.,1728,"40p. ;","","8⁰."
"T19816","Johnson, Charles,","1679-1748.","Cælia:","","London :","printed for J. Watts,",1733.,1733,"[12],60,[4]p. ;","","8⁰."
"T19819","Cibber, Colley,","1671-1757.","Cæsar in Ægypt.","","London :","printed for J. Watts, and sold by W. Feales,",1736.,1736,"83,[1]p. :","ill. ;","12⁰."
"T198446","Vanbrugh, John,","1664-1726.","Plays written by Sir John Vanbrugh.","","London :","printed for J. Tonson, and J. Watts; W. Feales; R. and J. Wellington; A. Bettesworth, and F. Clay, both in trust for B. Wellington,","M.DCC.XXXIV. [1734]",1734,"2v. ;","ill. ,","12⁰."
"T199103","Croxall, Samuel,","d. 1752.","The fair Circassian,","The fourth edition corrected.","London :","printed for J. Watts at the Printing Office in Wild Court near Lincoln's-Inn-Fields,","MDCCXXIX. [1729]",1729,"[24],57,[3]p. :","ill. ;","12⁰."
"T199408","",NULL,"Ordres et reglements pour la corporation des gouverneur & directeurs de l'Hôpital pour les pauvres François Protestants, & leurs descendants, résidants dans la Grande Bretagne.","","London :","printed by J. Watts,",1723.,1723,"[14],18p. ;","","8⁰."
"T199466","Wesley, Samuel,","1691-1739.","The pig, and the mastiff. Two tales.","","Dubdin [sic, i.e. Dublin] :","printed by J. Watts, for W. Smith,",1725.,1725,"23,[1]p. ;","","8⁰."
"T200826","Baxter, William,","1650-1723.","Glossarium antiquitatum Britannicarum,","","Londini :","typis J. Watts,",1718.,1718,"[4]p. ;","","8⁰."
"T202013","Frowde, Philip,","d. 1738.","Verses on Her Majesty's birth-day. By Philip Frowde, Esq;","","London :","printed for J. Watts,",1728.,1728,"[4],6p. ;","","2⁰."
"T202111","Keating, Geoffrey,","1570?-1644?.","Doctor Keting's history of Ireland:","","Dublin :","printed by A. Thiboust and J. Watts,",1713.,1713,"24p. ;","","8⁰."
"T208150","",NULL,"Cases argued and adjudged in the High Court of Chancery.","","Dublin :","printed by J. Watts, and sold opposite the Watch-House, on the North-Side of College-Green,","MDCCXXVI [1726]",1726,"2v. ;","","2⁰."
"T210428","Anderson, James,","ca.1680-1739.","The constitutions of the free-masons.","","Dublin :","printed by J. Watts, for J. Pennell,",1730.,1730,"[12],96p.,plate ;","","8⁰."
"T212969","Lillo, George,","1693-1739.","Sylvia; or, the country burial. An opera.","","London :","printed for J. Watts,",1731.,1731,"[2],74p. ;","","12⁰."
"T21522","Jennens, Charles,","1700-1773.","Belshazzar.","","London :","printed by and for J. Watts, and sold by him at the Printing-Office in Wild-Court near Lincoln's-Inn Fields: and by B. Dod at the Bible and Key in Ave-Mary-Lane near Stationers-Hall,","[1745]",1745,"32p. ;","","4⁰."
"T21629","Cock,","fl. 1720-1749","Bibliothec? Bridgesian? catalogus:","","London :","printed by J. Tonson and J. Watts, and to be Sold at most Booksellers in Town and Country,","MDCCXXV. [1725] [i.e. 1726]",1726,"[4],199,[1]p.,plate ;","","8⁰."
"T21633","",NULL,"Bickerstaff's unburied dead.","","London :","printed for J. Watts: and sold by B. Dod at the Bible and Key in Ave-Mary Lane near Stationers-Hall,","MDCCXLIII. [1743]",1743,"[8],30,[2]p. ;","","8⁰."
"T220144","Manuel, Jean.","","Remarques theologiques et critiques sur une partie de la traduction & des notes de M. M. de Beausobre & L'Enfant. Par Jean Manuel ...","","Londres :","imprimé chez J. Watts; & se vend chez P. Dunoyer; chez A. Roycarol; chez J. Clarke; & chez Moise Chastel,",1728.,1728,"[4],39,[1]p. ;","","4⁰."
"T22433","Miller, James,","1706-1744.","Art and nature.","","London :","printed for J. Watts at the Printing-Office in Wild-Court near Lincoln's-Inn-Fields,","MDCCXXXVIII. [1738]",1738,"[12],78,[2]p. :","ill. ;","8⁰."
"T22437","Gulliverianus, Martinus.","","The art of beauing:","The third edition.","[Dublin] :","London printed, and Dublin: reprinted by J. Watts, and W. S. Anburey, in Caple-Street ; and sold by J. Thompson on Cork-Hill,","M,DCC,XXX. [1730]",1730,"[6],17,[1]p. ;","","8⁰."
"T22458","Miller, James,","1706-1744.","The art of life.","","London :","printed for J. Watts at the Printing - Office in Wild-Court near Lincoln's-Inn Fields,","MDCCXXXIX. [1739]",1739,"[4],27,[1]p. ;","","4⁰."
"T225944","Duck, Stephen,","1705-1756.","Poems on several subjects:","The eighth edition, corrected. To which is added,","Dublin :","printed by and for J. Watts,",1731.,1731,"31,[1]p. ;","","8⁰."
"T22716","Racine, Jean,","1639-1699.","Athaliah.","The second edition.","London :","printed for J. Watts, at the Printing-Office in Wild-Court near Lincolns-Inn Fields,","MDCCXXVI [1726]",1726,"[18],69,[1]p. :","ill. ;","12⁰."
"T230073","Cibber, Colley,","1671-1757.","Damon and Phillida.","","London :","printed for J. Watts,",1734.,1734,"31,[1]p. ;","","8⁰."
"T2384","Cibber, Colley,","1671-1757.","Papal tyranny in the reign of King John.","","London :","printed for J. Watts at the Printing-Office in Wild-Court near Lincoln's-Inn Fields: and sold by B. Dod at the Bible and Key in Ave-Mary-Lane near Stationers-Hall,","MDCCXLV. [1745]",1745,"[12],70,[2]p. ;","","8⁰."
"T2468","Kelly, John,","1680?-1751.","Timon in love:","","London :","printed for J. Watts at the Printing-Office in Wild-Court near Lincoln's-Inn Fields,","MDCCXXXIII. [1733]",1733,"[8],55,[9]p. ;","","8⁰."
"T26022","Cibber, Colley,","1671-1757.","Love makes a man:","","London :","printed for J. Clarke, D. Brown, J. and R. Tonson and S. Draper, J. Watts, C. Corbet, T. Harris and J. Robinson,","MDCCXLV. [1745]",1745,"83,[1]p. :","ill. ;","12⁰."
"T26031","Cibber, Colley,","1671-1757.","Papal tyranny in the reign of King John.","The second edition.","London :","printed for J. Watts at the Printing-Office in Wild-Court near Lincoln's-Inn Fields,","MDCCXLV. [1745]",1745,"[12],70,[2]p. ;","","8⁰."
"T2682","Coffey, Charles,","d. 1745.","The boarding-school: or, the sham captain.","","London :","printed for J. Watts,",1733.,1733,"44p. :","music ;","8⁰."
"T26890","Croxall, Samuel,","d. 1752.","The fair Circassian,","","London :","printed for J. Watts; and sold by Samuel Chapman at the Angel in Pall-Mall, and William Chetwood at Cato's Head in Russel-Street, Covent-Garden,","MDCCXXI. [1721]",1721,"[24],59,[1]p. :","ill. ;","12⁰."
"T2704","Mitchell,","1684-1738.","The highland fair;","","London :","printed for J. Watts,",1731.,1731,"[16],78p. :","ill.,music ;","8⁰."
"T27354","Ralph, James,","d. 1762.","The fashionable lady;","","London :","printed for J. Watts, at the Printing-Office in Wild-Court near Lincolns-Inn Fields,","MDCCXXX. [1730]",1730,"[8],94,[2]p. :","ill.,music ;","8⁰."
"T27765","",NULL,"The temple of dullness.","","London :","printed for J. Watts: and sold by B. Dod at the Bible and Key in Ave-Mary-Lane near Stationers-Hall,","MDCCXLV. [1745]",1745,"[4],16p. ;","","4⁰."
"T29436","Havard,","1710?-1778.","King Charles the First:","","London :","printed for J. Watts,",1737.,1737,"[10],61,[7]p.,plate ;","","8⁰."
"T30397","Phillips, Edward,","fl. 1730-1740.","The chamber-Maid.","","London :","printed for J. Watts, at the Printing-Office in Wild-Court near Lincolns-Inn Fields,","MDCCXXX. [1730]",1730,"[4],34p. :","ill.,music ;","8⁰."
"T31268","Brome, Richard,","d. 1652?.","The jovial crew.","","London :","printed for J. Watts, at the Printing-Office in Wild-Court near Lincolns-Inn-Fields,","MDCCXXXI. [1731]",1731,"[8],68p. :","ill.,music ;","8⁰."
"T31756","Coffey, Charles,","d. 1745.","The devil to pay:","","London :","printed for J. Watts at the Printing-Office in Wild-Court near Lincoln's-Inn Fields,","MDCCXLVIII. [1748]",1748,"[10],30p. :","ill.,music ;","8⁰."
"T32487","Sophocles.","","Electra,","","London :","printed for J. Watts, and sold by W. Lewis in Covent-Garden, J. Brown and W. Meares without Temple-Bar, W. Taylor in Pater-Noster-Row, N. Cliffe and D. Jackson in Cheapside. R. Parker under the Royal Exchange. J. Morphew near Stationers-Hall, and A. Dodd",1714.,1714,"[8],xii,[2],60p. :","ill. ;","12⁰."
"T3260","Fielding, Henry,","1707-1754.","The tragedy of tragedies;","The third edition.","London :","printed by J. Watts at the Printing-Office in Wild-Court near Lincolns-Inn Fields,","MDCCXXXVII. MDCCXXXVII. [1737]",1737,"[10], 54 p :","ill. ;","8⁰."
"T32771","",NULL,"An enquiry into the state of the union of Great Britain,","The third edition.","London :","printed for A. and W. Bell and J. Watts, and sold by B. Barker and C. King; W. Mears and J. Brown; W. Taylor, J. Brotherton, and W. Meddows, and J. Roberts,",1717.,1717,"[8],183,[1]p. ;","","8⁰."
"T34858","Theobald,","1688-1744.","Double falshood;","","London :","printed by J. Watts, at the Printing-Office in Wild-Court near Lincolns-Inn Fields,","MDCCXXVIII. [1728]",1728,"[16],64p. ;","","8⁰."
"T34859","Theobald,","1688-1744.","Double falshood;","The second edition.","London :","printed by J. Watts, at the Printing-Office in Wild-Court near Lincolns-Inn Fields,","MDCCXXVIII. [1728]",1728,"[16],64p. ;","","8⁰."
"T35157","Croxall, Samuel,","d. 1752.","The fair Circassian,","","London :","printed for J. Watts, at the Printing-Office in Wild-Court near Lincoln's-Inn-Fields,","MDCCXX. [1720]",1720,"[12],28p. ;","","4⁰."
"T35435","Theobald,","1688-1744.","The fatal secret.","","London :","printed for J. Watts; and sold by W. Feales at Rowe's Head, the Corner of Essex-Street in the Strand,","MDCCXXXV. [1735]",1735,"[12],57,[3]p. :","ill. ;","12⁰."
"T36074","Euripides.","","Hecuba.","","London :","printed by J. Watts: and sold by J. Nourse in the Strand, and B. Dod in Ave-Mary Lane,","MDCCXLIX. [1749]",1749,"xv,[1],64p. ;","","8⁰."
"T36235","Hippocrates.","","Hippocrates upon air,","","London :","printed for J. Watts at the Printing-Office in Wild-Court near Lincoln's-Inn Fields,","MDCCXXXIV. [1734]",1734,"[8],xxiv,[18],389,[1]p., plate :","port. ;","8⁰."
"T36540","S. W.","","The history of the two impostors Lambert Simnel and Perkin Warbeck,","","London :","printed for J. Watts at the Printing-Office in Wild-Court near Lincoln's-Inn-Fields: and sold by B. Dod at the Bible and Key in Ave-Mary-Lane near Stationers-Hall,","[1745]",1745,"[8],70,[2]p. ;","","8⁰."
"T36691","Miller, James,","1706-1744.","An hospital for fools.","","London :","printed for J. Watts at the Printing - Office in Wild-Court near Lincoln's-Inn Fields,","MDCCXXXIX. [1739]",1739,"[13],6-28,[8]p. :","ill.,music ;","8⁰."
"T36838","Miller, James,","1706-1744.","The humours of Oxford.","The second edition.","London :","printed for J. Watts,",1730.,1730,"[8],80,[4]p.,plate ;","","8⁰."
"T36839","Miller, James,","1706-1744.","The humours of Oxford.","","London :","printed for J. Watts, at the Printing-Office in Wild-Court near Lincolns-Inn-Fields,","MDCCXXX. [1730]",1730,"[8],80,[4]p. ;","","8⁰."
"T37138","Lynch, Francis,","fl. 1737.","The independent patriot: or, musical folly. A comedy. As it is acted at the Theatre-Royal in Lincoln's-Inn-Fields.","","London :","printed for J. Watts at the Printing-Office in Wild-Court,",1737.,1737,"[8],99,[5]p. ;","","8⁰."
"T38501","Abelard, Peter,","1079-1142.","Letters of Abelard and Heloise.","The seventh edition.","London :","printed for J. Watts and sold by B. Dod at the Bible and Key in Ave-Mary-Lane near Stationer's-Hall,","MDCCXLIII. [1743]",1743,"[12],228,[10]p. :","ill ;","12⁰."
"T38502","Abelard, Peter,","1079-1142.","Letters of Abelard and Heloise.","Fourth edition, corrected.","London :","printed for J. Watts; and sold by W. Mears at the Lamb without Temple-Bar, J. Brotherton and W. Meadows at the Black-Bull in Cornhill, W. Chetwood in Russel-Street, Covent-Garden, and J. Lacy at the Ship between the two Temple-Gates, Fleet-Street,","MDCCXXII. [1722]",1722,"[8],218p. :","ill ;","12⁰."
"T38640","Cibber, Colley,","1671-1757.","Love in a riddle.","","London :","printed for J. Watts,","1719 [1729]",1729,"[4],96p. :","ill.,music ;","8⁰."
"T38641","Cibber, Colley,","1671-1757.","Love in a riddle.","","London :","printed for J. Watts, at the Printing-Office in Wild-Court near Lincolns-Inn Fields,","MDCCXXIX. [1729]",1729,"[4],96p. :","ill.,music ;","8⁰."
"T38665","Cibber, Colley,","1671-1757.","Love makes a man:","","London :","printed for A. Bettesworth, J. Tonson, J. Watts, J. Clark, J. Astly, W. Feales, and C. Corbet,",1735.,1735,"95,[1]p. :","ill. ;","12⁰."
"T38718","Langford,","1711-1774.","The lover his own rival.","","London :","printed for J. Watts at the Printing-Office in Wild-Court near Lincoln's-Inn Fields,","MDCCXXXVI. [1736]",1736,"[8],32,[4]p. :","music ;","8⁰."
"T38843","Miller, James,","1706-1744.","Mahomet the impostor.","The second edition.","London :","printed for J. Watts at the Printing-Office in Wild-Court near Lincoln's-Inn Fields,","MDCCXLV. [1745]",1745,"[8],70,[2]p. ;","","8⁰."
"T38844","Miller, James,","1706-1744.","Mahomet the impostor.","","London :","printed for and sold by J. Watts at the Printing-Office in Wild-Court near Lincoln's-Inn Fields; and by B. Dod at the Bible and Key in Ave-Mary Lane near Stationers-Hall,","MDCCXLIV. [1744]",1744,"[8],70,[2]p. ;","","8⁰."
"T38910","Miller, James,","1706-1744.","The man of taste.","The third edition.","London :","printed for J. Watts at the Printing-Office in Wild-Court near Lincoln's-Inn Fields,","MDCCXLIV. [1744]",1744,"95,[1]p. ;","","8⁰."
"T39300","Jennens, Charles,","1700-1773.","Messiah.","","London :","printed for J. Watts: and sold by B. Dod at the Bible and Key in Ave-Mary-Lane near Stationers-Hall,","[1750?]",1750,"16p. ;","","4⁰."
"T39410","Pearce, Zachary,","1690-1774.","The miracles of Jesus vindicated.","The fourth edition.","London :","printed for J. Watts,",1732.,1732,"[6],86p. ;","","8⁰."
"T40764","",NULL,"A genuine history of Nadir-Cha,","","London :","printed for and sold by J. Watts at the Printing-Office in Wild-Court near Lincoln's-Inn Fields: and by B. Dod at the Bible and Key in Ave-Mary Lane near Stationers-Hall,","MDCCXLI. 1741.",1741,"[8],xl,64p. ;","","8⁰."
"T41112","Phillips, Edward,","fl. 1730-1740.","The livery rake,","","London :","printed for J. Watts at the Printing-Office in Wild-Court near Lincoln's-Inn Fields,","MDCCXXXIII. [1733]",1733,"[4],35,[1]p. :","music ;","8⁰."
"T41357","Bodens, Charles.","","The modish couple.","","London :","printed for J. Watts at the Printing-Office in Wild-Court near Lincoln's-Inn Fields,","MDCCXXXII. [1732]",1732,"[8],74,[6]p. ;","","8⁰."
"T41459","Miller, James,","1706-1744.","The mother-in-Law:","","London :","printed for J. Watts at the Printing-Office in Wild-Court near Lincoln's-Inn Fields,","MDCCXXXIV. [1734]",1734,"[8],87,[9]p. ;","","8⁰."
"T42235","Lewis, D.","1683?-1760.","Philip of Macedon.","","London :","printed by J. Watts, and sold by J. Roberts in Warwick-Lane,",1727.,1727,"[12],72,[4]p. ;","","8⁰."
"T42283","Miller, James,","1706-1744.","The picture:","","London :","printed for J. Watts at the Printing-Office in Wild-Court near Lincoln's-Inn Fields: and sold by B. Dod at the Bible and Key in Ave-Mary-Lane near Stationers-Hall,","MDCCXLV. [1745]",1745,"35,[9]p. ;","","8⁰."
"T42459","Vanbrugh, John,","1664-1726.","Plays written by Sir John Vanbrugh. In two volumes. Vol.I. Containing The relapse; ... The provok'd wife. Esop, ... Vol.II. Containing The confederacy. The false friend. The mistake. A journey to London. The provok'd husband.","","London :","printed for J. Tonson, and J. Watts; and for J. Darby, A. Bettesworth, and F. Clay; in trust for Richard, James, and Bethel Wellington,",1730.,1730,"2v. ;","","12⁰."
"T43860","Tracy, John,","d. 1735.","Periander.","","London :","printed for J. Watts,",1731.,1731,"[4],x,[2],64,[4]p. ;","","8⁰."
"T44547","Odell,","1691-1749.","The prodigal: or, recruits for the Queen of Hungary. A comedy. As it is acted at the New Theatre in the Hay-Market.","","London :","printed for J. Watts at the Printing-Office in Wild-Court near Lincoln's-Inn Fields: and sold by B. Dod at the Bible and Key in Ave-Mary-Lane, near Stationers-Hall,","MDCCXLIV. [1744]",1744,"[8],74,[10]p. ;","","8⁰."
"T44567","Impartial hand.","","The progress of Methodism in Bristol: or, the Methodist unmask'd. Wherein the doctrines, discipline, policy, divisions and successes of that novel sect are fully detected, and properly display'd, in hudibrastick verse. By an impartial hand. To which is added, by way of appendix, the paper-controversy between Mr. Robert Williams, supported by Thomas Christie, Esq; Recorder of Savannah, and the Rev. Mr. Wesley, supported, only, by his own Integrity and Assurance. Together with authentick Extracts, taken from a late Narrative of the State of Georgia, relating to the Conduct of that Reverend Gentleman during his Abode in that Colony, &c.","","Bristol :","printed by J. Watts, in Shannon-Court, Corn-Street,","M.DCC.XI.III. [1743]",1743,"71,[1]p. ;","","8⁰."
"T44635","Pearce, Zachary,","1690-1774.","A reply to the Defence of the Letter to Dr. Waterland.","","London :","printed for J. Watts,",1732.,1732,"84p ;","","8⁰."
"T44639","Pearce, Zachary,","1690-1774.","A reply to the Letter to Dr. Waterland,","","London :","printed for J. Watts,",1731.,1731,"55,[1]p. ;","","8⁰."
"T44640","Pearce, Zachary,","1690-1774.","A reply to the Letter to Dr. Waterland,","The second edition.","London :","printed for J. Watts at the Printing-Office in Wild-Court near Lincoln's-Inn Fields,","MDCCXXXII. [1732]",1732,"55,[1]p. ;","","8⁰."
"T46068","Cibber, Colley,","1671-1757.","The provok'd husband;","","London :","printed for J. Watts, at the Printing-Office in Wild-Court near Lincolns-Inn Fields,","MDCCXXVIII. [1728]",1728,"[12],99,[3]p. ;","","8⁰."
"T46069","Cibber, Colley,","1671-1757.","The provok'd husband;","","London :","printed for J. Watts; and sold by W. Feales,",1734.,1734,"120,[4]p. :","ill. ;","12⁰."
"T46070","Cibber, Colley,","1671-1757.","The provok'd husband;","","London :","printed for J. Watts; and sold by B. Dod at the Bible and Key in Ave-Mary Lane, near Stationers-Hall","MDCCXLI. [1741]",1741,"117,[3]p. :","ill. ;","12⁰."
"T46566","",NULL,"Reflections on the letter to Dr. Waterland, and the defence of it.","","London :","printed for J. Watts,",1732.,1732,"34p. ;","","8⁰."
"T46642","Cibber, Colley,","1671-1757.","The refusal: or, the ladies philosophy.","The fourth edition.","London :","printed for J. Tonson, J. Watts, and J. Woodward: and sold by W. Feales at Rowe's Head the Corner of Essex-Street in the Strand,","MDCCXXXVI. [1736]",1736,"104,[2]p. :","ill. ;","12⁰."
"T47109","Jennens, Charles,","1700-1773.","Saul, an oratorio.","","London :","printed by and for J. Watts; and sold by him at the Printing-Office in Wild-Court near Lincoln's-Inn-Fields: and B. Dod at the Bible and Key in Ave-Mary-Lane near Stationers-Hall,","MDCCL. [1750]",1750,"22p. ;","","4⁰."
"T47121","Havard,","1710?-1778.","Scanderbeg: a tragedy.","","London :","printed for J. Watts,",1733.,1733,"[8],75,[1]p. ;","","8⁰."
"T47786","Pearce, Zachary,","1690-1774.","A sermon preached before the Right Honourable the Lords","","London :","printed by and for J. Watts; and sold by him at the Printing-Office in Wild-Court near Lincoln's-Inn-Fields: and by B. Dod, at the Bible and Key in Ave-Mary-Lane, near Stationers-Hall,","MDCCXLIX. [1749]",1749,"22p. ;","","4⁰."
"T48020","Cibber, Colley,","1671-1757.","She wou'd, and she wou'd not.","The fifth edition.","London :","printed for J. Woodward, J. and R. Tonson, and J. Watts,",1748.,1748,"[10],96,[2]p. :","ill. ;","12⁰."
"T48259","Hughes, John,","1677-1720.","The siege of Damascus.","","London :","printed for J. Tonson and J. Watts,","MDCCXXXV. [1735]",1735,"83,[1]p.,ill ;","","12⁰."
"T48260","Hughes, John,","1677-1720.","The siege of Damascus.","","London :","printed for J. and R. Tonson, and J. Watts,","MDCCXLIV. [1744]",1744,"83,[1]p. :","ill. ;","12⁰."
"T48276","Lillo, George,","1693-1739.","Silvia; or, the country burial. An opera.","","London :","printed for J. Watts,","1731[1730]",1730,"[10],77,[3]p. :","ill.,music ;","8⁰."
"T48277","Lillo, George,","1693-1739.","Silvia; or, the country burial. An opera.","","London :","printed for J. Watts, at the Printing-Office in Wild-Court near Lincolns-Inn Fields,","MDCCXXXI. [1731] [1730]",1730,"[12],77,[3]p. :","ill.,music ;","8⁰."
"T49008","Lockier, Francis,","1667-1740.","A sermon preach'd before the Honourable House of Commons, at St. Margaret's Westminster, on Monday, January 31, 1725. Being the anniversary-fast For the martyrdom of King Charles I. By Francis Lockier, D. D. Dean of Peterborough, and Chaplain in Ordinary to his Majesty.","","London :","printed for J. Tonson at Shakespear's Head in the Strand, and J. Watts at the Printing Office in Wild-Court near Lincoln's-Inn Fields,","MDCCXXVI. [1726]",1726,"26p. ;","","4⁰."
"T49927","Fielding, Henry,","1707-1754.","The temple beau.","","London :","printed for J. Watts, at the Printing-Office in Wild-Court near Lincolns-Inn Fields,","MDCCXXX. [1730]",1730,"[4],80,[4]p. ;","","8⁰."
"T50339","Martyn, Benjamin,","1699-1763.","Timoleon.","","London :","printed for J. Watts,",1730.,1730,"[16],66,[6]p. ;","","8⁰."
"T50340","Martyn, Benjamin,","1699-1763.","Timoleon.","The second edition.","London :","printed for J. Watts, at the Printing-Office in Wild-Court near Lincolns-Inn Fields,","MDCCXXX. [1730]",1730,"[16],66,[6]p. ;","","8⁰."
"T50478","Miller, James,","1706-1744.","The universal passion.","","London :","printed for J. Watts at the Printing-Office in Wild-Court, near Lincoln's-Inn Fields,","MDCCXXXVII. [1737]",1737,"[8],76[i.e.75],[5]p. ;","","8⁰."
"T50753","Vida, Marco Girolamo,","ca. 1485-1566.","Vida's Art of poetry,","","Dublin :","printed by J. Watts, for J. Thompson, at the Sign of the Bible on Cork-Hill, next Door to Lucas's Coffee-House,","MDCCXXVI. [1726]",1726,"72p ;","","8⁰."
"T50797","Johnson, Charles,","1679-1748.","The village opera.","","London :","printed for J. Watts,",1729.,1729,"[6],70p. :","ill., music ;","8⁰."
"T50798","Johnson, Charles,","1679-1748.","The village opera.","","London :","printed for J. Watts,",1729.,1729,"[8],76p. :","ill. music ;","8⁰."
"T51556","Voltaire,","1694-1778.","The tragedy of Zara.","","London :","printed for J. Watts, at the Printing-Office in Wild-Court near Lincoln's-Inn Fields,","MDCCXXXVI. [1736]",1736,"[16],69,[3]p. :","ill. ;","8⁰."
"T51959","Duck, Stephen,","1705-1756.","Truth and falshood. A fable.","","London :","printed for J. Watts,",1734.,1734,"[4],6p. ;","","2⁰."
"T52848","Cibber, Colley,","1671-1757.","Ximena: or, the heroick daughter.","","London :","printed for J. Tonson, A. Bettesworth, B. Lintot, and J. Watts; and sold by W. Feales,",1735.,1735,"xxxvi,[2],57,[1]p. :","ill. ;","12⁰."
"T57807","Haywood, Eliza Fowler,","1693?-1756.","The British recluse:","The third edition.","Dublin :","printed by J. Watts,",1724.,1724,"[2],162;[8],194p. ;","","8⁰."
"T57979","Carey, Henry,","1687?-1743.","Teraminta.","","London :","printed by J. Watts; and sold by John Shuckburgh at the Sun near the Inner-Temple-Gate in Fleetstreet,",1732.,1732,"[8],40p. ;","","8⁰."
"T58094","Coffey, Charles,","d. 1745.","The devil to pay;","","London :","printed for J. Watts, at the Printing-Office in Wild-Court near Lincoln's-Inn Fields,","MDCCXXXI. [1731]",1731,"[8],68,[4]p.,plate :","ill.,music ;","8⁰."
"T58095","Coffey, Charles,","d. 1745.","The devil to pay:","","London :","printed for J. Watts at the Printing-Office in Wild-Court near Lincoln's-Inn-Fields,","MDCCXXXVIII. [1738]",1738,"[8],30p.,plate :","music ;","8⁰."
"T58096","Coffey, Charles,","d. 1745.","The devil to pay;","","London :","printed for J. Watts at the Printing-Office in Wild-Court near Lincoln's-Inn Fields,","MDCCXXXII. [1732]",1732,"[8],31,[1]p. :","music ;","8⁰."
"T58871","Radcliffe, Stephen.","","A serious and humble enquiry whether it be lawful,","","Dublin :","printed by J. Watts, opposite the Watch-House, on the North Side of College-Green,",1727.,1727,"76,[1],viip. ;","","8⁰."
"T59398","Home, James,","d. 1737.","The scripture history of the Jews,","","London :","printed by J. Watts, for the author: and sold by Alexander Cruden Bookseller to Her Majesty, under the Royal-Exchange; and Joseph Davidson at the Golden Lion in the Poultry,","MDCCXXXVII. [1737]",1737,"2v. ;","","8⁰."
"T59590","Croxall, Samuel,","d. 1752.","The fair Circassian,","The fourth edition corrected.","London :","printed for J. Watts at the Printing Office in Wild Court near Lincoln's-Inn-Fields,","MDCCXXIX. [1729]",1729,"[24],57,[3]p. :","ill. ;","12⁰."
"T59889","",NULL,"A select collection of novels","","London :","printed for J. Watts; and sold by W. Mears at the Lamb without Temple-Bar, J. Brotherton and W. Meadows at the Black-Bull in Cornhill, W. Chetwood in Russel-Street, Covent-Garden, and J. Lacy at the Ship between the two Temple-Gates, Fleet-Street,","MDCCXXII. [1722]",1722,"6v.,plates ;","","12⁰."
"T61503","Fénelon, François de Salignac de La Mothe-,","1651-1715.","The lives and most remarkable maxims of the ancient philosophers.","","Dublin :","printed by J. Watts, and sold at the Corner of Sycomore-Alley,","MDCCXXVIII. [1728]",1728,"[4],294,[2]p. ;","","12⁰."
"T61790","",NULL,"Robin Hood.","","London :","printed for J. Watts: and sold by J. Roberts in Warwick-Lane,",1730.,1730,"45,[1]p. :","music ;","8⁰."
"T63336","Littleton, Edward,","d. 1733.","Sermons upon several practical subjects.","The third edition: to which is prefix'd an account","London :","printed by and for J. Watts; and sold by him at the Printing-Office in Wild-Court near Lincoln's-Inn Fields, and by B. Dod at the Bible and Key in Ave-Mary Lane, near Stationer's-Hall,","MDCCXLIX. [1749]",1749,"[8],xi,[1],328p. ;","","12⁰."
"T63747","Molière,","1622-1673.","The mock doctor:","","London :","printed for J. Watts at the Printing-Office in Wild-Court near Lincoln's-Inn Fields,","MDCCXXXII. [1732]",1732,"[8],32p. :","ill.,music ;","8⁰."
"T64118","Racine, Jean,","1639-1699.","Athaliah.","The third edition, revised and corrected.","London :","printed for J. Watts: and sold by W. Reeve at Shakespear's Head, Sergeant's-Inn-Gate in Fleetstreet,","MDCCXLVI. [1746]",1746,"[16],64p. :","ill. ;","12⁰."
"T64212","Hill, Aaron,","1685-1750.","The fatal extravagance.","The fourth edition corrected.","London :","printed for J. Watts, at the Printing-Office in Wild-Court near Lincolns-Inn-Fields,","MDCCXXX. [1730]",1730,"[16],32p. ;","","8⁰."
"T64220","Needler, Henry,","1688 or 9-1718.","The works of Mr. Henry Needler.","The third edition.","London :","printed for J. Watts; and sold by J. Osborn, at the Golden Ball in Pater-Noster-Row,","MDCCXXXV. [1735]",1735,"[4],xi,[5],220p. ;","","12⁰."
"T64221","Needler, Henry,","1688 or 9-1718.","The works of Mr. Henry Needler.","The second edition.","London :","printed for J. Watts; and sold by A. Bettesworth in Pater-Noster Row, J. Pemberton in Fleet-Street, W. Hinchcliffe at Dryden's Head under the Royal-Exchange, and A. Millar at Buchanan's Head against St. Clement's Church in the Strand,","MDCCXXVIII. [1728]",1728,"[4],xi,[5],220p. ;","","12⁰."
"T64223","Bacon, Phanuel,","1700-1783.","A sermon on the great and general day of judgment;","","London :","printed by J. Watts,","[1731?]",1731,"16p. ;","","8⁰."
"T64226","Walker, Thomas,","1698-1744.","The fate of villany. A play. As it is acted by the Company of comedians, at the Theatre in Goodmans-Fields.","","London :","printed for J. Watts,",1730.,1730,"[4],69,[3]p. ;","","8⁰."
"T64419","Clayton, Robert,","1695-1758.","The scripture doctrine of the Christian hierarchy.","","London :","printed for J. Watts: and sold by B. Dod,",1741.,1741,"[2],90p. ;","","8⁰."
"T64422","Clayton, Robert,","1695-1758.","A dissertation on prophecy,","","London :","re-printed (from the Dublin copy revis'd) by J. Watts; and sold by him at the Printing-Office in Wild-Court near Lincoln's-Inn Fields: and by B. Dod, at the Bible and Key in Ave-Mary-Lane, near Stationers-Hall,","MDCCXLIX. [1749]",1749,"[4],64,61-164,[4]p. ;","","8⁰."
"T64685","",NULL,"The bishop of London's pastoral letter to the people of his diocese;","","Dublin :","printed by J. Watts, for P. Crampton, at Addison's Head in Dames-Street, opposite the Horse-Guard, and H. Osborne in Skinner-Row,",1728.,1728,"[2],54p. ;","","8⁰."
"T64766","Pearce, Zachary,","1690-1774.","The miracles of Jesus vindicated.","","London :","printed by and for J. Watts; and sold by him at the Printing-Office in Wild-Court near Lincoln's-Inn Fields. And by B. Dod, at the Bible and Key in Ave-Mary-Lane, near Stationers-Hall,","MDCCXLIX. [1749]",1749,"[8],86p. ;","","8⁰."
"T65805","Sprat, Thomas,","1635-1713.","A discourse made by the Lord Bishop of Rochester","","Dublin :","printed by J. Watts, and sold [by] S. Brock,",1729.,1729,"48p. ;","","8⁰."
"T66397","Chetwood, W. R.","d. 1766.","The voyages and adventures of Captain Robert Boyle,","The third edition.","London :","printed for J. Watts; and sold by J. Osborn, at the Golden-Ball in Paternoster-Row,","MDCCXXXV. [1735]",1735,"[8],350p. :","ill. ;","12⁰."
"T66777","Young, Edward,","1683-1765.","Love of fame the universal passion. In seven Characteristical satyrs.","The tenth edition.","London [i.e. Edinburgh?] :","printed for J. Watts, and sold by B. Dod,",1750.,1750,"[8],71,[1]p. ;","","8⁰."
"T67564","",NULL,"Cupid and Psyche: or, Colombine-Courtezan. A dramatic pantomime entertainment. Interspers'd with ballad tunes. As it is perform'd at the Theatre-Royal in Drury-Lane, by His Majesty's servants.","","London :","printed for J. Watts at the Printing - Office in Wild-Court near Lincoln's-Inn Fields,","MDCCXXXIV. [1734]",1734,"[4],18p. ;","","8⁰."
"T68004","Miller, James,","1706-1744.","The man of taste. A comedy.","The second edition.","London :","printed for J. Watts, at the Printing-Office in Wild-Court, near Lincolns-Inn Fields,","MDCCXXXV. [1735]",1735,"[10],85,[3]p. ;","","8⁰."
"T68010","Mottley, John,","1692-1750.","The widow bewitch'd.","","London :","printed for J. Watts, at the Printing-Office in Wild-Court near Lincolns-Inn Fields,","MDCCXXX. [1730]",1730,"[8],64p. ;","","8⁰."
"T68017","Phillips, Edward,","fl. 1730-1740.","Britons, strike home:","","London :","printed for J. Watts at the Printing-Office in Wild-Court near Lincoln's-Inn Fields,","MDCCXXXIX. [1739]",1739,"[8],30,[2]p. :","ill.,music ;","8⁰."
"T68557","Tyssot de Patot, Simon,","b. 1655.","The travels and adventures of James Massey.","The second edition: in which are inserted the pass","London :","printed for J. Watts: and sold by B. Dod at the Bible and Key in Ave-Mary-Lane, near Stationers-Hall,","MDCCXLIII. [1743]",1743,"[12],370,[14]p. :","ill. ;","12⁰."
"T68927","Ancourt,","","The lady's preceptor.","","London :","printed for J. Watts: and sold by B. Dod at the Bible and Key in Ave-Mary-Lane, near Sationers-Hall,","MDCCXLIII. [1743]",1743,"[8],69,[3]p. ;","","8⁰."
"T70846","Defoe, Daniel,","1661?-1731.","The secrets of the invisible world disclos'd:","The second edition.","London :","printed for J. Watts: and sold by Thomas Worral at Judge Coke's Head against St. Dunstan's Church, Fleetstreet,","MDCCXXXV. [1735]",1735,"[12],395,[1]p.,plates ;","","8⁰."
"T71899","Chetwood, W. R.","d. 1766.","The voyages, travels and adventures, of William Owen Gwin Vaughan, Esq;","","London :","printed for J. Watts: and sold by J. Osborn, at the Golden-Ball in Pater-Noster-Row,","MDCCXXXVI. [1736]",1736,"2v.,plates ;","","12⁰."
"T72081","Cibber, Theophilus,","1703-1758.","Patie and Peggy:","","London :","printed for J. Watts at the Printing-Office in Wild-Court, near Lincoln's-Inn Fields,","MDCCXXX. [1730]",1730,"[8],34,[2]p. :","ill.,music ;","8⁰."
"T72404","Cibber, Theophilus,","1703-1758.","The lover. A comedy,","","London :","printed for J. Watts,",1730.,1730,"[12],85,[3]p. ;","","8⁰."
"T72420","Cibber, Theophilus,","1703-1758.","Patie and Peggy:","","London :","printed for J. Watts at the Printing-Office in Wild-Court, near Lincoln's-Inn Fields,","MDCCXXXI. [1731]",1731,"[8],30,[2]p. :","ill.,music ;","8⁰."
"T7301","Trebeck, Andrew,","1681-1759.","A sermon preached at the parish church of St. George, Hanover-Square,","","London :","printed by J. Watts,","MDCCXXXIII. [1733]",1733,"118p. ;","","8⁰."
"T7345","Majendie, John James,","1709-1783.","The yoke of the Church of Rome proved to be unsufferable.","","London :","printed by J. Watts: and sold by M. Cooper, Paul Vaillant, Moses Chastel ; and may be had at all pamphlet-shops,",1745.,1745,"iv,31,[1]p. ;","","4⁰."
"T74497","Dennis, John,","1657-1734.","The invader of his country:","","London :","printed for J. Pemberton, and J. Watts: and sold by J. Brotherton and W. Meadows; T. Jauncy [and 3 others in London],",1720.,1720,"[16],79,[1]p. ;","","8⁰."
"T74609","Shirley, William,","fl. 1739-1780.","The parricide: or, innocence in distress. A tragedy. As it is acted at the Theatre-Royal in Covent-Garden. By Mr. Shirley.","","London :","printed for J. Watts,",1739.,1739,"[16],64p. ;","","8⁰."
"T75402","Haywood, Eliza Fowler,","1693?-1756.","The injur'd husband;","The third edition.","Dublin :","printed by J. Watts, and sold opposite the Watch-House, on the North-Side of College-Green,",1724.,1724,"[8],194p. ;","","8⁰."
"T77974","",NULL,"A short treatise on harmony.","","London :","printed by J. Watts,",1730.,1730,"[4],84p.,4 plates ;","","obl.8⁰."
"T78756","",NULL,"A genuine history of Nadir-Cha, present Shah or Emperor of Persia, formerly call'd Thomas Kouli-Kan. ... Translated from the original Persian manuscript into Dutch, ... and now done into English. With an introduction by the editor, ...","The second edition.","London :","printed for and sold by J. Watts: and by B. Dod,",1741.,1741,"[8],xl,64p. ;","","8⁰."
"T80360","Needler, Henry,","1688 or 9-1718.","The works of Mr. Henry Needler.","","London :","printed for J. Watts, at the Printing-Office in Wild-Court near Lincoln's-Inn-Fields,","MDCCXXIV. [1724]",1724,"xv,[5],320p. ;","","8⁰."
"T81892","Pearce, Zachary,","1690-1774.","The miracles of Jesus vindicated.","The third edition.","London :","printed for J. Watts at the Printing-Office in Wild-Court near Lincolns-Inn Fields,","MDCCXXX. [1730]",1730,"[6],93,[1]p. ;","","8⁰."
"T84080","Abelard, Peter,","1079-1142.","Letters of Abelard and Heloise.","The third edition, corrected.","London :","printed for J. Watts: and sold by D. Brown, W. Meres, and F. Clay,",1718.,1718,"[8],112p. :","ill. ;","12⁰."
"T84446","",NULL,"An enquiry into the state of the union of Great Britain,","","London :","printed for A. and W. Bell at the Cross-Keys in Cornhill; and J. Watts in Bow-Street, Covent-Garden: and sold by B. Barker and C. King in Westminster-Hall; W. Mears and J. Brown without Temple-Bar; and W. Taylor in Pater-Noster-Row,",1717.,1717,"[22],276p. ;","","8⁰."
"T84706","Aesop.","","Fables of Æsop and others. Newly done into English. With an application to each fable. Illustrated with cutts.","The third edition, improv'd.","London :","printed for J. Tonson at Shakespear's Head in the Strand, and J. Watts at the Printing-Office in Wild-Court, near Lincolns-Inn Fields,","MDCCXXXI. [1731]",1731,"[32],345,[7]p. :","ill. ;","12⁰."
"T84707","Aesop.","","Fables of Æsop and others. Newly done into English. With an application to each fable. Illustrated with cutts.","","London :","printed for J. Tonson, and J. Watts,",1722.,1722,"[56],344p. :","ill. ;","8⁰."
"T84999","Aesop.","","Fables of Æsop and others. Newly done into English. With an application to each fable. Illustrated with cutts.","The fifth edition.","London :","printed for J. and R. Tonson, and J. Watts,","MDCCXLVII. [1747]",1747,"[32],345,[7]p. :","ill. ;","12⁰."
"T8506","Barford, Richard.","","The virgin queen.","","London :","printed for J. Watts,",1729.,1729,"[12],65,[3]p. ;","","8⁰."
"T89506","Owen, Charles,","d. 1746.","An alarm to Protestant princes and people, who are all struck at in the Popish cruelties at Thorn, and other barbarous executions abroad.","The second edition.","Dublin :","printed by J. Watts, for H. Shaw, at the Corner of Darby's-Square, in Warborough-Street,","MDCCXXV. [1725]",1725,"32p. ;","","8⁰."
"T89768","Fielding, Henry,","1707-1754.","The coffeehouse politician;","","London :","printed for J. Watts, at the Printing-Office in Wild-Court near Lincolns-Inn-Fields,","MDCCXXX. [1730]",1730,"[8],78p. ;","","8⁰."
"T89776","Fielding, Henry,","1707-1754.","The modern husband.","","London :","printed for J. Watts at the Printing-Office in Wild-Court near Lincoln's-Inn Fields,","MDCCXXXII. [1732]",1732,"[8],81,[7]p. ;","","8⁰."
"T89777","Fielding, Henry,","1707-1754.","The modern husband.","","London :","printed for J. Watts at the Printing-Office in Wild-Court near Lincoln's-Inn Fields,","MDCCXXXII. [1732]",1732,"[8],81,[7]p. ;","","8⁰."
"T89778","Fielding, Henry,","1707-1754.","The modern husband.","The second edition.","London :","printed for J. Watts,",1732.,1732,"[8],81,[7]p. ;","","8⁰."
"T89780","Fielding, Henry,","1707-1754.","An old man taught wisdom:","The second edition.","London :","printed for J. Watts, at the Printing-Office in Wild-Court near Lincoln's-Inn Fields,","MDCCXXXV. [1735]",1735,"39,[1]p. :","ill.,music ;","8⁰."
"T89781","Fielding, Henry,","1707-1754.","Pasquin.","","London :","printed for J. Watts at the Printing-Office in Wild-Court near Lincoln's-Inn Fields,","MDCCXXXVI. [1736]",1736,"[4],64,[4]p. ;","","8⁰."
"T89827","Fielding, Henry,","1707-1754.","Tumble-Down Dick: or, Phaeton in the suds.","","London :","printed for J. Watts at the Printing-Office in Wild-Court near Lincoln's-Inn Fields,","MDCCXLIV. [1744]",1744,"[8],19,[1]p. ;","","8⁰."
"T89835","Fielding, Henry,","1707-1754.","The debauchees: or, the Jesuit caught. A comedy. As it is acted at the Theatre-Royal in Drury-Lane. ... By Henry Fielding, Esq;","The third edition.","London :","printed by and for J. Watts; and sold by him,",1750.,1750,"46p. ;","","8⁰."
"T89856","Fielding, Henry,","1707-1754.","The author's farce;","The second edition.","London :","printed for J. Watts, at the Printing-Office in Wild-Court near Lincolns-Inn Fields,","MDCCXXX. [1730]",1730,"[8],59,[5]p. ;","","8⁰."
"T89858","Fielding, Henry,","1707-1754.","The author's farce;","The third edition. .. revised, and greatly alter'd","London :","printed for J. Watts,",1750.,1750,"68,[4]p. ;","","8⁰."
"T89863","Fielding, Henry,","1707-1754.","The covent-Garden tragedy.","","London :","printed for J. Watts, and sold by J. Roberts in Warwick-Lane,","MDCCXXXII. [1732]",1732,"[2],11,[3],32p. ;","","8⁰."
"T89867","Fielding, Henry,","1707-1754.","Don Quixote in England.","","London :","printed for J. Watts at the Printing-Office in Wild-Court near Lincoln's-Inn Fields,","MDCCXXXIV. [1734]",1734,"[16],64p. :","music ;","8⁰."
"T89879","Fielding, Henry,","1707-1754.","The historical register,","","London :","printed for J. Watts at the Printing-Office in Wild-Court near Lincoln's-Inn Fields,","MDCCXLI. [1741]",1741,"[16],48p. ;","","8⁰."
"T89905","Fielding, Henry,","1707-1754.","The intriguing chambermaid.","","London :","printed for J. Watts at the Printing-Office in Wild-Court near Lincoln's-Inn Fields,","MDCCXXXIV. [1734]",1734,"[12],40p. :","ill,music ;","8⁰."
"T89906","Fielding, Henry,","1707-1754.","The intriguing chambermaid.","","London :","printed for J. Watts at the Printing-Office in Wild-Court near Lincoln's-Inn Fields,","MDCCL. [1750]",1750,"[12],40p. :","ill,music ;","8⁰."
"T89909","Fielding, Henry,","1707-1754.","The letter-writers:","","London :","printed for J. Watts,",1750.,1750,"48p. ;","","8⁰."
"T90163","Fielding, Henry,","1707-1754.","The lottery. A farce.","The fourth edition.","London :","printed for J. Watts at the Printing-Office in Wild-Court near Lincoln's-Inn Fields,","MDCCXLVIII. [1748]",1748,"[6],34p. :","engr.music. ;","8⁰."
"T92606","Ellis, John,","1688 or 9-ca. 1768.","The knowledge of divine things from revelation, not from reason or nature.","","London :","printed by J. Watts: and sold by B. Dod at the Bible and Key in Ave-Mary-Lane near Stationers-Hall, J. Fletcher at Oxford, and T. Merrill at Cambridge,","MDCCXLIII. [1743]",1743,"xxiv,440p. ;","","8⁰."
"T94820","Reading, William,","1674-1744.","The history of our Lord and Saviour Jesus Christ.","","London :","printed for J. Watts: and sold by W. Mears at the Lamb, and J. Brown at the Black-Swan without Temple-Bar,","MDCCXVII. [1717]",1717,"[20],xx,351,[9]p.,plates ;","","12⁰."
"T94821","Reading, William,","1674-1744.","The history of our Lord and saviour Jesus Christ.","","London :","printed for J. Watts: and sold by W. Meares at the Lamb, and J. Brown at the Black-Swan without Temple-Bar,","MDCCXVI. [1716]",1716,"[20],351,[9]p.,plates ;","","12⁰."
"T94822","Reading, William,","1674-1744.","Fifty two sermons for every Sunday of the year MDCCXXVII.","","London :","printed by J. Watts, for the author,","MDCCXXVIII. [1728]",1728,"2v.([2],xiv,[8],672p.) ;","","8⁰."
"T94823","Reading, William,","1674-1744.","Fifty eight sermons preached out of the first lessons of every Sunday in the year, at evening prayer. With an appendix of six sermons upon morning lessons, added to compleat the course of the two first volumes. By William Reading, M. A. Keeper of the Library at Sion-College. ...","","London :","printed for J. Watts, for the author,","MDCCXXX. [1730]",1730,"2v. ;","","8⁰."
"T94824","Reading, William,","1674-1744.","Twenty three sermons of mortification, holiness, and of the fear and love of God.","","London :","printed by J. Watts, for the author,","MDCCXXIV. [1724]",1724,"xxxii,416p. ;","","8⁰."
"T94881","",NULL,"Tēs Kainēs Diathēkēs hapanta. Novum Testamentum.","","Londini :","impensis R. Knaplock, J. Tonson, & J. Watts,",1728.,1728,"[4],624p.,plate ;","","8⁰."
"T96683","Moivre, Abraham de,","1667-1754.","Miscellanea analytica de seriebus et quadraturis.","","Londini :","excudebant J. Tonson & J. Watts,",1730.,1730,"[12],250,[2],22,[2]p. ;","","4⁰."
"T96868","Fitzgerald, Thomas,","1694 or 5-1752.","Poems on several occasions.","","London :","printed by J. Watts,",1733.,1733,"[16],112p. ;","","8⁰."
"T96869","Fitzgerald, Thomas,","1694 or 5-1752.","Poems on several occasions.","The second edition.","London :","printed by J. Watts,","MDCCXXXVI. [1736]",1736,"[16],112p. ;","","8⁰."
"T97109","Fuzelier,","1672-1752.","Momus turn'd fabulist: or, Vulcan's wedding.","","London :","printed for J. Watts, at the Printing-Office in Wild-Court near Lincolns-Inn Fields,",1729.,1729,"[8],70p. :","music ;","8⁰."
"T97112","Fuzelier,","1672-1752.","Momus turn'd fabulist: or, Vulcan's wedding.","","London :","printed for J. Watts, at the Printing-Office in Wild-Court near Lincolns-Inn Fields,",1729.,1729,"[8],70p. :","music ;","8⁰."
"T97818","Ellis, John,","1688 or 9-ca. 1768.","Some brief considerations upon Mr. Locke's hypothesis, that the knowledge of God is attainable by ideas of reflexion. Wherein is Demonstrated, Upon his own Principles, That the Knowledge of God is not attainable by Ideas of Reflexion. Being an addition to a book lately publish'd, entitled, The knowledge of divine things from revelation, not from nature or reason. By the author of the said book.","","London :","printed by J. Watts: and sold by B. Dod at the Bible and Key in Ave-Mary-Lane near Stationers-Hall, J. Fletcher at Oxford, and T. Merrill at, Cambridge,","MDCCXLIII. [1743]",1743,"[4],51,[1]p. ;","","8⁰."
"T98034","Saint-Pierre, Charles Irénée Castel de,","1658-1743.","A project for settling an everlasting peace in Europe. First proposed by Henry IV. of France, and approved of by Queen Elizabeth, and most of the then Princes of Europe, and now discussed at large, and made practicable by the Abbot St. Pierre, of the French Academy.","","London :","printed for J. Watts.,","[1714]",1714,"[4],x,177,[1]p. ;","","8⁰."
